id,name,yearpublished,rank,numowned,numprevowned,baseid,containid,bayesaverage,average,usersrated,is_expansion,abstracts_rank,cgs_rank,childrensgames_rank,familygames_rank,partygames_rank,strategygames_rank,thematic_rank,wargames_rank
448174,Kingdom Death: Monster – Great Game Crossbow Promo Card,2025,0,3,0,55690,,0,0,0,1,,,,,,,,
454328,Age of Steam Expansion: Ryukyu Journey,2025,0,4,0,4098,,0,0,0,1,,,,,,,,
474032,Kingdom Death: Monster – Feral Fists and Feral Form Promo Cards,2026,0,4,0,55690,,0,0,0,1,,,,,,,,
453504,Kingdom Death: Monster – Investment Sniper: Punctual Bride,2025,0,4,0,55690,,0,0,0,1,,,,,,,,
463526,Kingdom Death: Monster – Spidiculeg Boil Recipe Promo,2025,0,4,0,55690,,0,0,0,1,,,,,,,,
476125,"Everdell: Card Expansion – Legends, Extra! Extra! & Rugwort",2025,0,5,0,,297972;297973,0,0,0,1,,,,,,,,
445051,Kingdom Death: Monster – Pain Eater Promo Card,2025,0,5,0,55690,,0,0,0,1,,,,,,,,
371789,Age of Steam Expansion: Sado,2022,0,7,0,4098,,0,8,1,1,,,,,,,,
463898,Kingdom Death: Monster – Furnace Lantern Promo Card,2026,0,8,0,55690,,0,0,0,1,,,,,,,,
474036,Kingdom Death: Monster – Indomitable Survivor: Pulverizing Star Venus,2026,0,8,0,55690,,0,0,0,1,,,,,,,,
474031,Kingdom Death: Monster – Pride Katana Promo Card,2026,0,9,0,55690,,0,0,0,1,,,,,,,,
457465,Kingdom Death: Monster – Speaker Cult Pipe and Osseous Scrap Blade Promo Cards,2025,0,10,0,55690,,0,0,0,1,,,,,,,,
438873,Kingdom Death: Monster – Thermal Wrappings Promo,2025,0,10,0,55690,,0,0,0,1,,,,,,,,
461352,Kingdom Death: Monster – Woe Hachigane and Woe Kusarigama Promo Cards,2025,0,10,0,55690,,0,0,0,1,,,,,,,,
465924,Kingdom Death: Monster – Obligate Gallant Promo Cards,2026,0,13,0,55690,,0,0,0,1,,,,,,,,
458548,Age of Steam Expansion: Powerhouses of the North / Phase IV:March of the Ants,2025,0,14,0,4098,,0,8,2,1,,,,,,,,
441365,北海掠奪者：大盒 (Raiders of the North Sea: Big Box),2023,0,14,3,,210164;210163;249301,0,7,2,1,,,,,,,,
427888,Kingdom Death: Monster – Gilded Greatcleaver Promo Cards,2024,0,17,0,55690,,0,5,1,1,,,,,,,,
465925,Kingdom Death: Monster – Heartleech Baselard Rene,2026,0,19,0,55690,,0,10,1,1,,,,,,,,
420489,Kingdom Death: Monster – Lagobond Nails and Lagobond Hoppers,2024,0,19,0,55690,,0,7.33333,3,1,,,,,,,,
463897,Kingdom Death: Monster – Seed Pattern Survivor: Ingama,2026,0,20,0,55690,,0,6,2,1,,,,,,,,
457464,Kingdom Death: Monster – Ashbloom of Dedheim,2025,0,21,0,55690,,0,10,1,1,,,,,,,,
433739,Kingdom Death: Monster – Syncretic Vestments,2024,0,22,0,55690,,0,7,2,1,,,,,,,,
461353,Kingdom Death: Monster – Heart of the Sword Saint Promo,2025,0,23,0,55690,,0,10,1,1,,,,,,,,
429876,Kingdom Death: Monster – Parhelion Claws Promo Card,2024,0,23,0,55690,,0,7.33333,3,1,,,,,,,,
413509,Kingdom Death: Monster – Warming Pelt Promo Card,2024,0,23,0,55690,,0,7,1,1,,,,,,,,
422382,Kingdom Death: Monster – Bitter Beastcloak Promo Card,2024,0,24,0,55690,,0,7.5,2,1,,,,,,,,
451945,Age of Steam Expansion: Dutch Tulip Bubble / Wisconsin Cheeseheads,2025,0,26,0,4098,,0,8.0625,8,1,,,,,,,,
404973,Kingdom Death: Monster – Compact Quiver and Killjoy Promo Cards,2023,0,26,0,55690,,0,7.33333,3,1,,,,,,,,
431869,Kingdom Death: Monster – Phoenix Reenactment Promo Card,2024,0,26,0,55690,,0,6,1,1,,,,,,,,
424423,Kingdom Death: Monster – Skyfish Rod and Brightfish Promo Cards,2024,0,26,0,55690,,0,6,1,1,,,,,,,,
404642,Kingdom Death: Monster – Cenobite Thurible and Cenobite Leotard Promo Cards,2023,0,27,0,55690,,0,7.25,4,1,,,,,,,,
438874,Kingdom Death: Monster – Seed Pattern: Jackel,2025,0,27,0,55690,,0,0,0,1,,,,,,,,
388407,Age of Steam Expansion: 18xxBelgium – The Road to Mechelen,2023,0,28,1,4098,,0,8.16667,6,1,,,,,,,,
180658,Age of Steam Expansion: Wales,2015,0,29,0,4098,,0,6.7,5,1,,,,,,,,
410469,Kingdom Death: Monster – Mirrorstone Earrings  & Fierce Paint Promo Cards,2023,0,29,0,55690,,0,7,3,1,,,,,,,,
436228,Age of Steam: The NYC & The Erie Canal Express,2024,0,30,0,4098,,0,7.33333,3,1,,,,,,,,
449456,Kingdom Death: Monster – Indomitable Survivor: Tyrant Slayer Scarlet,2025,0,30,1,55690,,0,10,2,1,,,,,,,,
47491,Age of Steam Expansion: Siberia,2007,0,31,5,4098,,0,7.5827,4,1,,,,,,,,
446198,Kingdom Death: Monster – Indomitable Survivor: Dashing Reaper Paleun,2025,0,31,1,55690,,0,10,2,1,,,,,,,,
448173,Kingdom Death: Monster – Indomitable Survivor: Poison Partisan Ritika,2025,0,31,1,55690,,0,10,2,1,,,,,,,,
440708,Kingdom Death: Monster – Indomitable Survivor: Roaring Harmonica Kale,2025,0,31,1,55690,,0,10,2,1,,,,,,,,
180659,Age of Steam Expansion: South East Australia,2015,0,32,0,4098,,0,6.7,5,1,,,,,,,,
400354,Kingdom Death: Monster – Cresent Tessen Promo Card,2023,0,32,0,55690,,0,6.25,4,1,,,,,,,,
455671,Kingdom Death: Monster – Indomitable Survivor: Fated Dagger Domino,2025,0,32,1,55690,,0,10,2,1,,,,,,,,
426615,Age of Steam: Ireland,2024,0,33,0,4098,,0,7.5,3,1,,,,,,,,
445052,Kingdom Death: Monster – Indomitable Survivor: Tachyon Nodachi Rubi,2025,0,33,1,55690,,0,10,2,1,,,,,,,,
383656,Kingdom Death: Monster – Banshee Bedlah and Loincloth Promo Cards,2023,0,34,0,55690,,0,6.6,5,1,,,,,,,,
379608,Kingdom Death: Monster – Cold Face Dagger Promo Card,2023,0,34,0,55690,,0,9,4,1,,,,,,,,
395184,Kingdom Death: Monster – Destined Day Promo Cards,2023,0,34,1,55690,,0,7.2,5,1,,,,,,,,
395185,Kingdom Death: Monster – Globinsnarfer Promo Card,2023,0,34,0,55690,,0,8,4,1,,,,,,,,
453501,Kingdom Death: Monster – Indomitable Survivor: Oblouk Shield Arco,2025,0,34,1,55690,,0,10,2,1,,,,,,,,
47487,Age of Steam Expansion: Colony,2007,0,36,3,4098,,0,6.76011,7,1,,,,,,,,
429878,Kingdom Death: Monster – The Challenger Promo Card,2024,0,36,0,55690,,0,8,4,1,,,,,,,,
47492,Age of Steam Expansion: Slovakia,2007,0,37,3,4098,,0,7.5827,4,1,,,,,,,,
435514,Kingdom Death: Monster – Indomitable Survivor: Thumping Timpani Ledla,2024,0,37,2,55690,,0,10,2,1,,,,,,,,
391972,Kingdom Death: Monster – Petrichor Sleeves and Stechhelm Promo Cards,2023,0,37,0,55690,,0,8,3,1,,,,,,,,
180660,Age of Steam Expansion: Denmark,2015,0,38,0,4098,,0,7.08333,21,1,,,,,,,,
301201,El Grande & Carcassonne,2007,0,38,5,,,0,7.9,5,0,,,,,,,,
404974,Kingdom Death: Monster – Seed Pattern Gear #041 Promo Cards,2023,0,38,0,55690,,0,8.2,5,1,,,,,,,,
369100,Age of Steam: England,2022,0,39,2,4098,,0,7,5,1,,,,,,,,
350995,Age of Steam: Osaka,2021,0,39,5,4098,,0,8.03261,23,1,,,,,,,,
374243,Kingdom Death: Monster – Gloom Cowl Promo,2022,0,40,0,55690,,0,8.25,4,1,,,,,,,,
460059,Age of Steam Expansion: Easter Island and Zoo,2025,0,43,0,4098,,0,7,1,1,,,,,,,,
431737,Age of Steam Expansion: Iraq / Berlin,2023,0,43,0,4098,,0,7.7,5,1,,,,,,,,
460060,Age of Steam Expansion: New Zealand and Korea,2025,0,43,0,4098,,0,7.83333,3,1,,,,,,,,
413512,Kingdom Death: Monster – Vivid Bian Pao Promo Card,2024,0,43,0,55690,,0,7.25,4,1,,,,,,,,
377322,Kingdom Death: Monster – Novice Dagger Promo,2022,0,44,0,55690,,0,9.2,5,1,,,,,,,,
47486,Age of Steam Expansion: Hong Kong,2007,0,48,55,4098,,0,6.78308,10,1,,,,,,,,
389092,Rajas of the Ganges: Big Box,2022,0,48,2,,286383;306920,0,8.15385,13,0,,,,,,,,
390744,Kingdom Death: Monster – Stonesmasher Promo Card,2023,0,49,0,55690,,0,8,5,1,,,,,,,,
49738,Age of Steam Expansion: Chesapeake & Ohio,2006,0,50,1,4098,,0,7.11616,18,1,,,,,,,,
366785,Android: Netrunner – Overdrive Runner Draft Pack,2014,0,51,2,124742,,0,7.5,2,1,,,,,,,,
431868,Kingdom Death: Monster – Brave + Hollow Promo Cards,2024,0,51,0,55690,,0,9.2,5,1,,,,,,,,
368550,Kingdom Death: Monster – Doll Promo Cards,2022,0,52,0,55690,,0,8.2,5,1,,,,,,,,
368549,Kingdom Death: Monster – Summer Cyrus Promo Cards,2022,0,53,0,55690,,0,8.4,5,1,,,,,,,,
410683,Age of Steam Expansion: Venice / Tokyo,2023,0,55,0,4098,,0,7.75,4,1,,,,,,,,
433077,Age of Steam Expansion: Rust Belt Express / Union Pacific Express,2024,0,56,0,4098,,0,7.88462,13,1,,,,,,,,
433738,Kingdom Death: Monster – 15th Anniversary Survivors,2024,0,56,1,55690,,0,9.5,2,1,,,,,,,,
362100,Kingdom Death: Monster – Ashen Shears and Cleavage X,2022,0,56,1,55690,,0,7.8,5,1,,,,,,,,
430005,Kingdom Death: Monster – Legendary Lantern Armor Aya,2024,0,56,0,55690,,0,9,4,1,,,,,,,,
377321,Kingdom Death: Monster – Elgnirk The Choas Elf,2022,0,57,0,55690,,0,7.5,6,1,,,,,,,,
370713,Age of Steam Expansion: Union Pacific Express,2023,0,58,2,4098,,0,8.36667,15,1,,,,,,,,
371811,Kingdom Death: Monster – Summer Aya Promo Cards,2022,0,58,1,55690,,0,8.71429,7,1,,,,,,,,
441893,Age of Steam Expansion: Stalinist Russia,2025,0,60,0,4098,,0,8.5,14,1,,,,,,,,
276720,Age of Steam Expansion: Kansas Tornadoes,2019,0,62,1,4098,,0,7.75,10,1,,,,,,,,
404972,Kingdom Death: Monster – Basara,2023,0,63,0,55690,,0,8.6,5,1,,,,,,,,
161068,The Lord of the Rings: The Card Game – Game Night Kit 2014 Fall Season,2014,0,63,7,77423,,0,8.09091,11,1,,,,,,,,
381563,Kingdom Death: Monster – Lunar Twilight Knight,2023,0,64,0,55690,,0,9.6,5,1,,,,,,,,
428373,"Age of Steam Expansion: 23 Wards of Tōkyō, Ōita Hot Spring Town & The Lost City of Dwarka",2024,0,68,0,4098,,0,8.0625,12,1,,,,,,,,
19983,Age of Steam Expansion: Bay Area,2005,0,68,10,4098,,0,6.86786,23,1,,,,,,,,
422383,Kingdom Death: Monster – Elsbeth,2024,0,68,0,55690,,0,8.6,5,1,,,,,,,,
154452,The Lord of the Rings: The Card Game – Game Night Kit 2014 Season One,2014,0,68,9,77423,,0,7.72727,11,1,,,,,,,,
432963,Age of Steam Expansion: Belgium / South Africa,2024,0,69,0,4098,,0,7.25,4,1,,,,,,,,
468808,Endeavor: Deep Sea – 5th Player Expansion,2026,0,69,1,367966,,0,6.75,4,1,,,,,,,,
374244,Kingdom Death: Monster – Flower Costume Promo,2022,0,69,0,55690,,0,9,5,1,,,,,,,,
374242,Kingdom Death: Monster – Ghostlink Pumpkin Promo,2022,0,69,0,55690,,0,8.125,8,1,,,,,,,,
432962,Age of Steam Expansion: France 2078 / Mongolia,2024,0,70,0,4098,,0,7.625,4,1,,,,,,,,
406922,Kingdom Death: Monster – Sunlantern Armor Promo,2023,0,71,0,55690,,0,8.625,8,1,,,,,,,,
357255,Age of Steam Expansion: Balkans,2022,0,72,3,4098,,0,7.43333,15,1,,,,,,,,
148062,The Lord of the Rings: The Card Game – Game Night Kit 2013 Season Three,2013,0,72,7,77423,,0,8.18182,11,1,,,,,,,,
364452,Kingdom Death: Monster – Indomitable Survivor: Toxicimitar Badar,2022,0,73,1,55690,,0,8.85714,7,1,,,,,,,,
432961,Age of Steam Expansion: Orient Express / Amusement Park,2024,0,74,0,4098,,0,7.66667,6,1,,,,,,,,
404915,Age of Steam Expansion: Steampunk,2023,0,74,0,4098,,0,7.83333,12,1,,,,,,,,
402182,Age of Steam Expansion: Chicago Speakeasy / Rush Belt 2112,2023,0,76,0,4098,,0,7.28571,7,1,,,,,,,,
144287,The Lord of the Rings: The Card Game – Game Night Kit 2013 Season Two,2013,0,77,9,77423,,0,8.0625,16,1,,,,,,,,
413511,Kingdom Death: Monster – Obsession/Golden Dagger Promo Cards,2024,0,78,1,55690,,0,8.88889,9,1,,,,,,,,
88245,Age of Steam Expansion: Switzerland,2009,0,82,10,4098,,0,7.77308,26,1,,,,,,,,
154417,The Lord of the Rings: The Card Game – Game Night Kit 2013 Season One,2013,0,82,7,77423,,0,7.92308,13,1,,,,,,,,
342832,Kingdom Death: Monster – Alternative Monster Trait (Dung Beetle Knight and Manhunter),2021,0,83,1,55690,,0,7.2,5,1,,,,,,,,
366276,Kingdom Death: Monster – Aya Lantern Armor Promo Cards,2022,0,83,0,55690,,0,8.28571,7,1,,,,,,,,
371812,Kingdom Death: Monster – Summer Goth,2022,0,83,1,55690,,0,8.5,6,1,,,,,,,,
342826,Kingdom Death: Monster – Alt Art Monster Traits (Butcher and King's  Man),2021,0,84,1,55690,,0,7.4,5,1,,,,,,,,
390745,Kingdom Death: Monster – Lolowen,2023,0,85,2,55690,,0,8.42857,7,1,,,,,,,,
416160,Kingdom Death: Monster – Morgan The Savior,2024,0,87,0,55690,,0,8.57143,7,1,,,,,,,,
427891,Kingdom Death: Monster – Glow,2024,0,88,0,55690,,0,9.33333,6,1,,,,,,,,
19898,"Age of Steam Expansion: Austria, Switzerland & The Netherlands",2005,0,91,14,4098,,5.53414,7.41617,52,1,,,,,,,,
353706,Kingdom Death: Monster – White Sunlion Armor & White Sunlion Mask,2021,0,91,0,55690,,0,8.28571,7,1,,,,,,,,
473963,Marvel Champions: The Card Game – Luke Cage Hero Pack,2026,0,91,2,285774,,0,8.3,5,1,,,,,,,,
375464,Kingdom Death: Monster – Screaming Sun Armor,2022,0,92,0,55690,,0,8.77778,9,1,,,,,,,,
316533,Star Wars: Imperial Assault – Tarkin Initiative Labs Skirmish Map,2018,0,93,4,164153,,0,8.16667,12,1,,,,,,,,
380094,Age of Steam Expansion: Bahia 1808,2023,0,94,4,4098,,0,8.26316,19,1,,,,,,,,
240737,Agricola: Rozšíření,2008,0,95,11,,,0,8.2381,21,1,,,,,,,,
124565,Age of Steam Expansion: Las Vegas and Korea (N&S),2012,0,96,5,4098,,0,7.48913,23,1,,,,,,,,
377428,"Age of Steam Expansion: Las Vegas, Saint Petersburg & Taiwan",2022,0,96,1,4098,,0,7.90833,6,1,,,,,,,,
420490,Kingdom Death: Monster – Lordsruin Promo Cards,2024,0,96,2,55690,,0,9.14286,7,1,,,,,,,,
473916,Marvel Champions: The Card Game – Jessica Jones Hero Pack,2026,0,96,2,285774,,0,8.3,5,1,,,,,,,,
425773,Root: Jeu de base + La Rivière,2020,0,96,6,,241386,0,9.35417,24,0,,,,,,,,
253437,Age of Steam Expansion: Kansas City Interurban,2018,0,97,5,4098,,0,7.92222,18,1,,,,,,,,
400353,Kingdom Death: Monster – Lune,2023,0,97,0,55690,,0,8.5,6,1,,,,,,,,
358526,파워그리드 재충전 확장: 지도 모음집 (Power Grid Recharged – Map Collection),2022,0,97,7,,37397;19319;25031;285448;131184,0,8.375,16,1,,,,,,,,
144897,Age of Steam Expansion: The Railroad Switches,2013,0,98,6,4098,,0,6.66667,9,1,,,,,,,,
370716,Age of Steam Expansion: Everest / Zimbabwe,2022,0,100,1,4098,,0,8.10227,22,1,,,,,,,,
31544,Age of Steam Expansion: Southern US & Pittsburgh,2007,0,100,13,4098,,5.53638,7.81758,41,1,,,,,,,,
413513,Kingdom Death: Monster – Indomitable Survivor: Stampede Glaive Xell,2024,0,100,3,55690,,0,9.625,8,1,,,,,,,,
427890,Kingdom Death: Monster – Survivors of Death 1,2024,0,101,0,55690,,0,8.21429,7,1,,,,,,,,
350243,Age of Steam Expansion: Double Base USA / Pacific Electric,2021,0,102,3,4098,,0,7.83966,29,1,,,,,,,,
278326,Star Wars: Imperial Assault – Endor Defense Station Skirmish Map,2019,0,102,5,164153,,0,6.725,12,1,,,,,,,,
362099,Kingdom Death: Monster – Refined Lantern Sword,2022,0,103,1,55690,,0,8.88889,9,1,,,,,,,,
47689,Age of Steam Expansion: Beer & Pretzels,2009,0,104,17,4098,,0,7.09616,18,1,,,,,,,,
43259,Age of Steam Expansion: Brazil / Chicago,2009,0,104,12,4098,,5.52676,7.50487,33,1,,,,,,,,
377429,Age of Steam Expansion: Miami 2030 & New York Subway,2022,0,105,0,4098,,0,6.8875,8,1,,,,,,,,
325481,Kingdom Death: Monster – Brazen Bat & Vixen Tail,2020,0,106,0,55690,,0,7.25,12,1,,,,,,,,
25612,"Age of Steam Expansion: 20,000 Rails Under the Sea",2006,0,107,25,4098,,5.52083,7.08164,37,1,,,,,,,,
424424,Kingdom Death: Monster – Indomitable Survivor: Greatest Gaxe Morg,2024,0,107,2,55690,,0,9.42857,7,1,,,,,,,,
364170,Age of Steam Expansion: Saturn 2101,2022,0,109,2,4098,,0,7.33333,6,1,,,,,,,,
381564,Kingdom Death: Monster – Death Crown Inheritor Aya,2023,0,109,1,55690,,0,8.66667,6,1,,,,,,,,
101083,Age of Steam Expansion: Orient Express & Disoriented Express,2011,0,110,10,4098,,0,6.6625,20,1,,,,,,,,
144455,Age of Steam Expansion: Belgium,2013,0,112,13,4098,,0,5.64737,19,1,,,,,,,,
74713,Age of Steam Expansion: Robot & Hexpansion,2010,0,112,11,4098,,0,6.875,4,1,,,,,,,,
19993,Age of Steam Expansion: Reunion Island,2005,0,114,19,4098,,5.5164,6.78124,33,1,,,,,,,,
78386,Age of Steam Expansion: Sharing,2010,0,115,12,4098,,0,6.975,16,1,,,,,,,,
354438,Age of Steam Expansion: Halloween & Washington DC,2021,0,116,1,4098,,0,7.96,10,1,,,,,,,,
300185,Age of Steam Expansion: Brummie Rails / Southern China,2020,0,117,4,4098,,0,7.92857,28,1,,,,,,,,
277021,Age of Steam Expansion: Detroit Bankruptcy,2019,0,117,8,4098,,5.52847,7.43088,34,1,,,,,,,,
144894,Age of Steam Expansion: The Alps,2013,0,121,4,4098,,0,7.47917,12,1,,,,,,,,
149083,Dominion: Special Edition,2013,0,121,18,,,5.56205,7.82408,71,0,,,,,,,,
278530,Kingdom Death: Monster – Ancient Root,2019,0,121,3,55690,,0,7.78571,14,1,,,,,,,,
195850,Mombasa (Limited Edition),2015,0,121,14,,,5.54919,8.01968,47,0,,,,,,,,
342825,Kingdom Death: Monster – Dark Seamstress,2021,0,122,0,55690,,0,8,9,1,,,,,,,,
383657,Kingdom Death: Monster – Fig Tree/The Plant and the Stone Promo Cards,2023,0,124,0,55690,,0,9.18182,11,1,,,,,,,,
161883,Age of Steam Expansion: Ukraine,2014,0,125,12,4098,,0,6.62,25,1,,,,,,,,
64119,Age of Steam Expansion: 1890 Berlin,2010,0,126,15,4098,,0,7.36,20,1,,,,,,,,
375463,Kingdom Death: Monster – White Sunlion Armor,2022,0,126,2,55690,,0,8.72727,11,1,,,,,,,,
144896,Age of Steam Expansion: Airlines / The Mediterranean,2013,0,127,5,4098,,0,7.42308,13,1,,,,,,,,
358688,Kingdom Death: Monster – Indomitable Survivor: Gusk Knives Grimmory,2022,0,128,2,55690,,0,9.125,8,1,,,,,,,,
276865,Kingdom Death: Monster – Scoopy Club,2019,0,131,3,55690,,0,7.85714,14,1,,,,,,,,
228375,Age of Steam Expansion: Sicily,2017,0,133,13,4098,,0,7.39107,28,1,,,,,,,,
219248,Kingdom Death: Monster – Death Armor Expansion,2026,0,134,5,55690,,0,7.95833,12,1,,,,,,,,
43242,Age of Steam Expansion: Portugal,2008,0,135,15,4098,,5.55552,7.99476,59,1,,,,,,,,
171114,Eclipse: The Galactic North,2014,0,136,21,72125,,5.5137,6.73438,32,1,,,,,,,,
278531,Kingdom Death: Monster – Gibbering Haremite Promo Card,2019,0,136,3,55690,,0,7.65625,16,1,,,,,,,,
353700,Kingdom Death: Monster – Halloween Survivors Series II,2021,0,136,2,55690,,0,8.38889,9,1,,,,,,,,
457440,Kingdom Death: Monster – Vignette of Death: Screaming Nukealope,2025,0,137,1,55690,,0,9.4,10,1,,,,,,,,
336892,Kingdom Death: Monster – Winter Solstice Lucy,2020,0,137,1,55690,,0,8.11111,9,1,,,,,,,,
135872,Kingdom Death: Monster – Lantern Festival Expansion,0,0,138,5,55690,,0,7.69091,11,1,,,,,,,,
177580,Age of Steam Expansion: Heavy Cardboard,2015,0,139,8,4098,,5.52463,7.39,30,1,,,,,,,,
276767,Kingdom Death: Monster – Blood Plasma Katana and Blood Plasma Gun,2017,0,140,4,55690,,0,7.81818,11,1,,,,,,,,
276484,Kingdom Death: Monster – Corsair Coat Promo Card,2019,0,140,2,55690,,0,7.76923,13,1,,,,,,,,
265523,Star Wars: Imperial Assault – Coruscant Back Alleys Skirmish Map,2019,0,140,4,164153,,0,7.63467,20,1,,,,,,,,
299773,Star Wars: Imperial Assault – Nelvaanian War Zone Skirmish Map,2016,0,141,10,164153,,0,8.54545,11,1,,,,,,,,
323505,Age of Steam Expansion: Japan/Venezuela/Tasmania,2020,0,143,3,4098,,0,7.8,15,1,,,,,,,,
476057,Final Girl: Terror from Beyond,2026,0,143,0,277659,,0,8.66667,6,1,,,,,,,,
127224,Age of Steam Expansion: Hungary,2012,0,145,21,4098,,5.53659,7.50125,40,1,,,,,,,,
219177,Kingdom Death: Monster – Inverted Mountain Expansion,2026,0,145,4,55690,,0,8.13636,11,1,,,,,,,,
37325,Age of Steam Expansion: Special 2008 Spiel Limited Edition – Essen Spiel & Secret Blueprints of Steam Plan #3,2008,0,146,24,4098,,0,7.84426,26,1,,,,,,,,
180203,Age of Steam Expansion: New England,2015,0,149,17,4098,,0,7.25,28,1,,,,,,,,
293338,Kingdom Death: Monster – Black Ghost Dagger Promo,2019,0,149,2,55690,,0,7.76923,13,1,,,,,,,,
102158,Age of Steam Expansion: Great Britain,2011,0,151,23,4098,,5.53146,7.69697,33,1,,,,,,,,
471469,Wingspan: Fan-Designed Card Packs – Set 1,2026,0,152,0,,455581;455579;455576;455580;455577;455578,0,7.97368,19,1,,,,,,,,
450943,Kingdom Death: Monster – Philosophy of Death: Gatherism,2025,0,153,2,55690,,0,9.53846,13,1,,,,,,,,
299774,Star Wars: Imperial Assault – Training Ground Skirmish Map,2016,0,155,8,164153,,0,8.58333,12,1,,,,,,,,
216471,Kingdom Death: Monster – Gryphon Expansion,2026,0,161,3,55690,,0,8.7,10,1,,,,,,,,
160731,Age of Steam Expansion: Old Europe / 51st State,2014,0,163,7,4098,,0,7.54167,12,1,,,,,,,,
295405,Age of Steam Expansion: Vietnam / Sahara,2019,0,165,4,4098,,0,7.44444,18,1,,,,,,,,
464602,Codenames: Fairy Tales Expansion Pack,2026,0,165,2,178900,,0,8.28571,7,1,,,,,,,,
277389,Kingdom Death: Monster – Hope Stealer,2018,0,165,2,55690,,0,7.4375,16,1,,,,,,,,
299775,Star Wars: Imperial Assault – Coruscant Landfill Skirmish Map,2016,0,165,9,164153,,0,8.5,12,1,,,,,,,,
400352,Kingdom Death: Monster – Longclaw Promo Cards,2023,0,166,1,55690,,0,9.44444,9,1,,,,,,,,
36481,"Age of Steam Expansion: Texas, Oklahoma & New Mexico",2008,0,169,35,4098,,5.53628,7.39773,48,1,,,,,,,,
216468,Kingdom Death: Monster – Oblivion Mosquito Expansion,2026,0,169,4,55690,,0,8.65,10,1,,,,,,,,
293341,Kingdom Death: Monster – Oktoberfest Aya,2019,0,169,1,55690,,0,7.58824,17,1,,,,,,,,
43572,Age of Steam Expansion: Finland & Portugal,2009,0,170,36,4098,,5.5455,7.40458,58,1,,,,,,,,
217784,Kingdom Death: Monster – Honeycomb Weaver Expansion,2026,0,170,3,55690,,0,8.03846,13,1,,,,,,,,
295404,Age of Steam Expansion: Christmas Village / Mexico,2019,0,172,6,4098,,0,6.71579,19,1,,,,,,,,
380160,"Age of Steam Expansion: Honeybee Hive Mind, Brooklyn & Escape Room",2023,0,175,3,4098,,0,8.13333,24,1,,,,,,,,
241612,Age of Steam Expansion: San Andreas Fault,2017,0,175,9,4098,,0,6.95714,14,1,,,,,,,,
455455,Barrage: The China Challenge,2026,0,176,2,251247,,0,8.84821,14,1,,,,,,,,
28474,Age of Steam Expansion: Austria & India,2007,0,177,24,4098,,5.55633,7.38121,75,1,,,,,,,,
28806,"Age of Steam Expansion: Mexico, Spain/Portugal",2007,0,182,21,4098,,5.5507,7.70583,55,1,,,,,,,,
386071,Teotihuacan: New Priests,2024,0,182,6,229853,,0,8.45,10,1,,,,,,,,
74681,Age of Steam Expansion: Poland,2010,0,183,38,4098,,5.54119,7.502,50,1,,,,,,,,
152898,Eclipse: Minions of the Solstice,2013,0,184,26,72125,,5.52594,7.16667,45,1,,,,,,,,
263727,Kingdom Death: Monster – Story in the Snow Promo,2016,0,186,1,55690,,0,8.63158,19,1,,,,,,,,
452783,War Chest: Shock Tactics,2026,0,188,2,249259,,0,8.78125,16,1,,,,,,,,
124564,Age of Steam Expansion: Tibet and Cyprus,2012,0,190,8,4098,,5.52782,7.11351,37,1,,,,,,,,
30830,Age of Steam Expansion: War in Iraq & New York Subway,2007,0,193,22,4098,,5.52778,7.1563,43,1,,,,,,,,
446015,Mansions of Madness: Second Edition – Turn of a Page,2025,0,194,2,205059,,5.52862,7.28333,42,1,,,,,,,,
265670,Age of Steam Expansion: Iceland/Texas,2018,0,195,7,4098,,0,7.42222,18,1,,,,,,,,
216467,Kingdom Death: Monster – Nightmare Ram Expansion,2026,0,195,4,55690,,0,9.22727,11,1,,,,,,,,
291477,Kingdom Death: Monster – Strain Milestone and Story of Blood,2019,0,195,4,55690,,0,8.36842,19,1,,,,,,,,
241614,Age of Steam Expansion: Congo/Sweden,2017,0,196,11,4098,,5.54921,7.78333,48,1,,,,,,,,
215828,Age of Steam Expansion: Pack Ice & Solar System,2016,0,197,8,4098,,0,7.45312,16,1,,,,,,,,
160732,Age of Steam Expansion: Argentina / The French Riviera,2014,0,198,12,4098,,5.5298,7.46429,35,1,,,,,,,,
265669,Age of Steam Expansion: Panama/Corsica,2018,0,198,7,4098,,5.5319,7.65469,32,1,,,,,,,,
102696,Hoogspanning: Het Verre Oosten,2011,0,198,10,,37397;78727,5.55033,7.81887,53,1,,,,,,,,
374339,Dominion: Sammler-Box,2020,0,201,7,,,5.53231,7.84865,37,1,,,,,,,,
219134,Kingdom Death: Monster – Anonymous Survivor Promo,2025,0,201,3,55690,,0,8.54545,11,1,,,,,,,,
275665,Kingdom Death: Monster – Detective Cap & Twilight Revolver,2016,0,203,5,55690,,0,7.7,15,1,,,,,,,,
164136,Kingdom Death: Monster – Survivor Kara Black Challenge Scenario,2015,0,203,7,55690,,0,8.26316,19,1,,,,,,,,
276608,Kingdom Death: Monster – Till Death Do Us Part,2017,0,204,3,55690,,0,8.66,20,1,,,,,,,,
241613,Age of Steam Expansion: Hawaiian Islands,2017,0,205,9,4098,,0,7.20455,22,1,,,,,,,,
38261,Age of Steam Expansion: Washington DC and The Berlin Wall,2008,0,205,26,4098,,5.53469,7.66976,39,1,,,,,,,,
182095,Kingdom Death: Monster – Gen Con 2015 Lantern Promos,2015,0,205,14,55690,,5.52159,8.51613,31,1,,,,,,,,
415432,Arkham Horror: The Card Game – Relics of the Past: Challenge Scenario,2023,0,207,2,205637,,0,8.25,22,1,,,,,,,,
217709,Kingdom Death: Monster – First Hero Expansion,2026,0,207,7,55690,,0,8.875,12,1,,,,,,,,
350462,Teotihuacan: Expert Challenges – Book 3,2022,0,207,26,229853,,0,6,8,1,,,,,,,,
352237,Звёздные империи: Гамбит (Star Realms: Gambit),2015,0,207,9,,166702;166707;166704;166708;158957,5.52873,7.20833,48,1,,,,,,,,
418782,Cartographers: Map Pack Collection 2,2024,0,210,6,,353862;353864;353865,0,8.09615,26,1,,,,,,,,
277518,Kingdom Death: Monster – Lump of Atnas Promo Card,2018,0,211,3,55690,,0,7.53333,15,1,,,,,,,,
362719,Crokinole Cards,2022,0,212,1,521,,5.53494,8.23382,34,1,,,,,,,,
265833,Kingdom Death: Monster – Black Friday Lantern,2018,0,212,8,55690,,0,7.88235,17,1,,,,,,,,
21031,Age of Steam Expansion: North Eastern USA / South Africa,2005,0,218,38,4098,,5.56754,7.47779,81,1,,,,,,,,
56602,Age of Steam Expansion: The Zombie Apocalypse,2009,0,220,34,4098,,5.59813,7.80506,105,1,,,,,,,,
164140,Kingdom Death: Monster – Paul the Survivor Challenge Scenario,2015,0,220,10,55690,,0,8.27273,22,1,,,,,,,,
164141,Kingdom Death: Monster – Snow the Savior Challenge Scenario,2015,0,220,8,55690,,0,8.21739,23,1,,,,,,,,
164137,Kingdom Death: Monster – Survivor Candy & Cola Challenge Scenario,2015,0,222,12,55690,,0,7.572,25,1,,,,,,,,
25300,Age of Steam Expansion: Eastern US & Canada,2006,0,225,34,4098,,5.52304,7.27431,35,1,,,,,,,,
173628,Age of Steam Expansion: Human Body/Synapses,2015,0,225,11,4098,,0,7.71154,26,1,,,,,,,,
219257,Kingdom Death: Monster – False Messengers Promo,2025,0,225,2,55690,,0,8.26923,13,1,,,,,,,,
136104,Kingdom Death: Monster – Messenger of The First Story Promo Miniature,2015,0,225,7,55690,,0,8.3,20,1,,,,,,,,
378739,Звёздные империи: Командиры (Star Realms: Commanders),2022,0,226,10,,231376;231369;231370;231371;231372;231373,5.53795,7.33673,49,1,,,,,,,,
215829,Age of Steam Expansion: Cuba & Sicily,2016,0,227,13,4098,,0,7.33333,24,1,,,,,,,,
136017,Kingdom Death: Monster – Messenger of the Spiral Path Promo Miniature,2015,0,227,7,55690,,0,8.36842,19,1,,,,,,,,
173627,Age of Steam Expansion: Fukushima/Chernobyl,2015,0,229,14,4098,,5.53247,7.87273,33,1,,,,,,,,
226223,Kingdom Death: Monster – Prismatic Lantern,2016,0,231,6,55690,,0,8.41177,17,1,,,,,,,,
101082,Age of Steam Expansion: African Diamond Mines & Taiwan Cube Factories,2011,0,232,16,4098,,5.54608,7.64706,51,1,,,,,,,,
101081,Age of Steam Expansion: Australia & Tasmania,2011,0,232,16,4098,,5.54407,7.59469,51,1,,,,,,,,
102527,Age of Steam Expansion: Greece and Cyclades,2011,0,232,10,4098,,0,7.56522,23,1,,,,,,,,
226225,Kingdom Death: Monster – Nightmare Breast Pump,2015,0,235,4,55690,,0,7.2,20,1,,,,,,,,
226221,Kingdom Death: Monster – Twilight Thong Promo Card,2016,0,236,7,55690,,0,7.78947,19,1,,,,,,,,
400351,Kingdom Death: Monster – Echoes of Death 4,2023,0,244,2,55690,,0,8.40625,16,1,,,,,,,,
135973,Kingdom Death: Monster – Messenger of Courage Challenge Scenario,2015,0,246,10,55690,,0,8.52,25,1,,,,,,,,
341949,Teotihuacan: Expert Challenges – Book 2,2021,0,248,29,229853,,0,6.76923,13,1,,,,,,,,
405995,Arkham Horror: The Card Game – Laid to Rest: Challenge Scenario,2023,0,251,2,205637,,0,8,22,1,,,,,,,,
219141,Kingdom Death: Monster – Lantern Year 3 Candy & Cola Crossover,2025,0,252,4,55690,,0,9.40909,11,1,,,,,,,,
164139,Kingdom Death: Monster – Aya the Survivor Challenge Scenario,2015,0,254,10,55690,,0,8.43478,23,1,,,,,,,,
136133,Kingdom Death: Monster – Messenger of Humanity Challenge Scenario,2015,0,256,8,55690,,0,8.33333,21,1,,,,,,,,
219135,"Kingdom Death: Monster – Goth Amy, the unreveling Crossover",2025,0,257,3,55690,,0,8.92308,13,1,,,,,,,,
219139,Kingdom Death: Monster – Death Drifter Crossover,2025,0,261,3,55690,,0,9.42308,13,1,,,,,,,,
187893,Kingdom Death: Monster – Jack O' Lantern Promo,2015,0,261,12,55690,,0,7.51724,29,1,,,,,,,,
21030,Age of Steam Expansion: China / South America,2005,0,263,42,4098,,5.61121,7.70236,123,1,,,,,,,,
75825,Age of Steam Expansion: Amazon Rainforest & Sahara Desert,2010,0,265,25,4098,,5.53684,7.16944,54,1,,,,,,,,
153187,Age of Steam Expansion: Southern US / Western US,2014,0,273,27,4098,,5.5402,7.76794,43,1,,,,,,,,
394077,Arkham Horror: The Card Game – Out of the Void Investigator Pack,2022,0,279,7,205637,,0,8.19231,26,1,,,,,,,,
76727,Age of Steam Expansion: Atlantis & Trisland,2010,0,280,31,4098,,5.54258,7.09923,65,1,,,,,,,,
228386,Dominion: Erweiterung – Basisspiel & Die Intrige,2017,0,282,17,,209357;209358,5.571,7.95352,71,1,,,,,,,,
457840,"Gloomhaven: Mercenary Pack – Cassandra, Forgotten Diviner",2025,0,283,1,295770;291457,,0,9.57143,7,1,,,,,,,,
457837,"Gloomhaven: Mercenary Pack – Anaphi, Fallen Lion",2025,0,285,1,295770;291457,,0,9.54545,11,1,,,,,,,,
457842,"Gloomhaven: Mercenary Pack – Satha, Mayor of Frosthaven",2025,0,285,2,295770;291457,,0,9.22222,9,1,,,,,,,,
457838,"Gloomhaven: Mercenary Pack – Hail, Irritable Enchanter",2025,0,286,1,295770;291457,,0,9.13636,11,1,,,,,,,,
172556,Kingdom Death: Monster – Xmaxe,2014,0,287,9,55690,,0,7.62069,29,1,,,,,,,,
217762,Kingdom Death: Monster – Campaigns of Death Expansion,2026,0,289,7,55690,,0,8.41739,23,1,,,,,,,,
74712,Age of Steam Expansion: Paris & Moscow,2010,0,290,13,4098,,0,7.65,24,1,,,,,,,,
443274,Orléans: Neue Ortskarten N°6,2025,0,291,4,164928,,0,7.6,23,1,,,,,,,,
131145,Casemate & Cannon: Fleet Action Rules for the Age of Steam 1820-1890,2010,0,292,24,4098,,0,0,0,0,,,,,,,,
446892,Endeavor: Deep Sea – Uncharted Waters,2026,0,292,5,367966,,5.53522,8.54839,31,1,,,,,,,,
74493,Age of Steam Expansion: California Gold Rush & Underground Railroad,2010,0,293,27,4098,,5.54062,7.55625,48,1,,,,,,,,
164138,"Kingdom Death: Monster – Adam & Anna, Explorers of Death Challenge Scenario",2015,0,294,18,55690,,0,7.87407,27,1,,,,,,,,
36377,Age of Steam Expansion: Scotland,2006,0,301,46,4098,,5.61859,7.53704,145,1,,,,,,,,
127421,Age of Steam Expansion: South America / South Africa,2012,0,303,26,4098,,5.54258,7.69048,45,1,,,,,,,,
438606,Final Girl: S4 Ultimate Box,2026,0,305,4,,438604;438601;438599;438602;464502,0,9.25882,17,1,,,,,,,,
443379,Galactic Cruise: Achievements,2026,0,305,5,391137,,0,8.76172,29,1,,,,,,,,
28896,Age of Steam Expansion: The Netherlands,2007,0,306,23,4098,,5.52843,7.20764,42,1,,,,,,,,
101080,Age of Steam Expansion: Outer Space & Reversteam,2011,0,311,27,4098,,5.53657,7.96864,36,1,,,,,,,,
340392,Teotihuacan: Expert Challenges – Book 1,2021,0,311,34,229853,,0,6.83333,18,1,,,,,,,,
363358,Crokinole Imperium,2022,0,313,4,521,,5.56938,8.10974,63,1,,,,,,,,
218785,The Lord of the Rings: The Card Game – Nightmare Deck: The Dread Realm,2017,0,320,18,77423,,0,7.85909,22,1,,,,,,,,
227264,The Lord of the Rings: The Card Game – Nightmare Decks: The Land of Shadow,2017,0,323,18,77423,,0,7.73182,22,1,,,,,,,,
27040,Age of Steam Expansion: Mars – Global Surveyor,2006,0,324,25,4098,,5.53044,7.31438,39,1,,,,,,,,
286878,Kingdom Death: Monster – White Speaker Sword Hunter,2019,0,326,4,55690,,0,8.58621,29,1,,,,,,,,
218783,The Lord of the Rings: The Card Game – Nightmare Deck: The Treachery of Rhudaur,2017,0,326,15,77423,,0,7.72273,22,1,,,,,,,,
235550,The Lord of the Rings: The Card Game – Nightmare Deck: Flight of the Stormcaller,2017,0,328,21,77423,,0,7.78421,19,1,,,,,,,,
218784,The Lord of the Rings: The Card Game – Nightmare Deck: The Battle of Carn Dûm,2017,0,328,18,77423,,0,7.71304,23,1,,,,,,,,
235551,The Lord of the Rings: The Card Game – Nightmare Deck: The Thing in the Depths,2017,0,331,18,77423,,0,7.83,20,1,,,,,,,,
235552,The Lord of the Rings: The Card Game – Nightmare Deck: Temple of the Deceived,2017,0,333,18,77423,,0,7.72,20,1,,,,,,,,
157658,Kingdom Death: Monster – A Strange Spot and Belt of Gender Swap Promos,2014,0,334,12,55690,,5.52091,8.01765,34,1,,,,,,,,
207904,The Lord of the Rings: The Card Game – Nightmare Deck: Across the Ettenmoors,2016,0,334,15,77423,,0,7.70417,24,1,,,,,,,,
37388,"Age of Steam Expansion: Chile, Egypt and CCCP",2008,0,335,21,4098,,5.54881,7.47118,60,1,,,,,,,,
207901,The Lord of the Rings: The Card Game – Nightmare Deck: The Wastes of Eriador,2016,0,335,16,77423,,0,7.67727,22,1,,,,,,,,
27759,El Grande: König & Intrigant – Unverkäufliche Sonderkarten,1997,0,336,43,93,,5.54013,7.36202,50,1,,,,,,,,
252889,The Lord of the Rings: The Card Game – Nightmare Deck: The Drowned Ruins,2018,0,336,20,77423,,0,7.85238,21,1,,,,,,,,
339751,Звёздные империи: Альянс (Star Realms: United),2021,0,336,7,,208503;208501;202247;208502,5.55693,7.44304,79,1,,,,,,,,
464502,Final Girl: The Raptor Games,2026,0,339,3,277659,,0,8.5625,16,1,,,,,,,,
416161,Kingdom Death: Monster – Vignette of Death: Killennium Butcher,2024,0,340,1,55690,,0,9.30357,28,1,,,,,,,,
207903,The Lord of the Rings: The Card Game – Nightmare Deck: Escape From Mount Gram,2016,0,340,15,77423,,0,7.416,25,1,,,,,,,,
286879,Kingdom Death: Monster – Ringtail Vixen,2019,0,341,7,55690,,5.53845,8.67143,35,1,,,,,,,,
231759,The Lord of the Rings: The Card Game – Nightmare Decks: The Grey Havens,2017,0,341,20,77423,,0,8.01818,22,1,,,,,,,,
252891,The Lord of the Rings: The Card Game – Nightmare Deck: The City of Corsairs,2018,0,342,19,77423,,0,7.83636,22,1,,,,,,,,
46935,Age of Steam Expansion: Holland / Madagascar,2009,0,345,37,4098,,5.59803,7.92766,98,1,,,,,,,,
252890,The Lord of the Rings: The Card Game – Nightmare Deck: A Storm on Cobas Haven,2018,0,346,20,77423,,0,7.79091,22,1,,,,,,,,
25193,Age of Steam Expansion: Disco Inferno / Soul Train,2006,0,349,39,4098,,5.61648,7.6469,132,1,,,,,,,,
194840,The Lord of the Rings: The Card Game – Nightmare Deck: The Antlered Crown,2016,0,350,19,77423,,0,7.49583,24,1,,,,,,,,
411368,Marvel Champions: The Card Game – Hero Pack Collection 2,2023,0,352,13,285774,,5.53941,7.8375,40,1,,,,,,,,
203755,The Lord of the Rings: The Card Game – Nightmare Deck: The Treason of Saruman,2016,0,352,18,77423,,0,7.6,24,1,,,,,,,,
30725,Age of Steam Expansion: Montréal Métro,2007,0,355,43,4098,,5.67384,8.30007,155,1,,,,,,,,
194838,The Lord of the Rings: The Card Game – Nightmare Deck: The Nîn-in-Eilph,2016,0,356,19,77423,,0,7.45769,26,1,,,,,,,,
433367,Quest for El Dorado: Expansion Collection,2025,0,358,4,,364636;377971;246431,5.58905,8.76164,73,1,,,,,,,,
87173,Age of Steam Expansion: Time Traveler,2011,0,359,45,4098,,5.51817,6.58259,43,1,,,,,,,,
142132,Dominion: Big Box,2011,0,360,35,,90850,5.59378,7.82207,111,0,,,,,,,,
202178,The Lord of the Rings: The Card Game – Nightmare Deck: The Lost Realm,2016,0,362,22,77423,,0,7.70769,26,1,,,,,,,,
394555,Race for the Galaxy: Xeno Counterstrike,2026,0,363,2,28143,,5.55942,8.41154,52,1,,,,,,,,
189948,The Lord of the Rings: The Card Game – Nightmare Deck: The Dunland Trap,2015,0,367,22,77423,,0,7.80385,26,1,,,,,,,,
25487,Age of Steam Expansion: Sun / London,2006,0,370,39,4098,,5.62779,7.64617,146,1,,,,,,,,
194839,The Lord of the Rings: The Card Game – Nightmare Deck: Celebrimbor's Secret,2016,0,373,19,77423,,0,7.816,25,1,,,,,,,,
194841,The Lord of the Rings: The Card Game – Nightmare Decks: The Road Darkens,2016,0,375,21,77423,,0,7.62759,29,1,,,,,,,,
189952,The Lord of the Rings: The Card Game – Nightmare Deck: Trouble in Tharbad,2015,0,376,21,77423,,0,7.7875,24,1,,,,,,,,
189949,The Lord of the Rings: The Card Game – Nightmare Deck: The Three Trials,2015,0,381,20,77423,,0,7.88077,26,1,,,,,,,,
407813,War of the Ring: Kings and Lords of Middle-Earth – Limited Edition,2024,0,388,9,,299490;122328,5.54475,9.11111,36,1,,,,,,,,
219247,Kingdom Death: Monster – Screaming God Expansion,2026,0,398,12,55690,,0,9.025,20,1,,,,,,,,
321563,Inis: Big Box,2022,0,399,37,,255588,5.62211,7.80646,147,0,,,,,,,,
19992,Age of Steam Expansion: The Moon,2005,0,409,41,4098,,5.60563,7.75949,116,1,,,,,,,,
415317,Dominion: Cornucopia & Guilds (Second Edition),2024,0,409,8,,90850;137166,5.60208,8.30421,95,1,,,,,,,,
165332,Puerto Rico,2007,0,413,36,,12382,5.65477,7.7893,186,0,,,,,,,,
405997,Arkham Horror: The Card Game – The Blob That Ate Everything ELSE!,2023,0,414,4,205637,,5.54518,8.125,48,1,,,,,,,,
164135,Kingdom Death: Monster – Allison the Twilight Knight Challenge Scenario,2015,0,418,22,55690,,5.53841,8.52326,43,1,,,,,,,,
181306,The Lord of the Rings: The Card Game – Nightmare Deck: The Voice of Isengard,2015,0,418,20,77423,,5.52951,7.91333,30,1,,,,,,,,
175951,The Lord of the Rings: The Card Game – Nightmare Deck: The Morgul Vale,2015,0,424,22,77423,,5.52873,7.85333,30,1,,,,,,,,
226218,Kingdom Death: Monster – Fade Promo,2016,0,428,14,55690,,5.53566,8.72857,35,1,,,,,,,,
175947,The Lord of the Rings: The Card Game – Nightmare Deck: Encounter at Amon Dîn,2015,0,428,26,77423,,5.53478,7.97778,36,1,,,,,,,,
175946,The Lord of the Rings: The Card Game – Nightmare Deck: The Drúadan Forest,2015,0,429,22,77423,,5.5303,7.81765,34,1,,,,,,,,
226220,Kingdom Death: Monster – Before The Wall Promo,2016,0,433,18,55690,,5.53168,8.6,33,1,,,,,,,,
175950,The Lord of the Rings: The Card Game – Nightmare Deck: The Blood of Gondor,2015,0,433,24,77423,,5.53089,7.93871,31,1,,,,,,,,
226222,Kingdom Death: Monster – Allison The Twilight Knight (White Box) Promo Cards,2016,0,434,18,55690,,5.53932,8.79268,41,1,,,,,,,,
411367,Marvel Champions: The Card Game – Hero Pack Collection 1,2023,0,434,14,285774,,5.5625,8.13333,66,1,,,,,,,,
175949,The Lord of the Rings: The Card Game – Nightmare Deck: Assault on Osgiliath,2015,0,435,23,77423,,5.52824,7.74194,31,1,,,,,,,,
175945,The Lord of the Rings: The Card Game – Nightmare Deck: The Steward's Fear,2015,0,443,22,77423,,5.53064,7.84531,32,1,,,,,,,,
386803,Tainted Grail: Story Dice Expansion,2024,0,447,7,264220,,0,8.28571,21,1,,,,,,,,
47687,"Age of Steam Expansion: 1867 Georgia Reconstruction, South Carolina & Oklahoma Land Rush",2009,0,449,63,4098,,5.56799,7.51227,84,1,,,,,,,,
325482,Kingdom Death: Monster – Echoes of Death 3,2020,0,456,7,55690,,5.52936,8.39706,34,1,,,,,,,,
226215,Kingdom Death: Monster – Percival Promo,2016,0,456,11,55690,,5.54341,8.8421,38,1,,,,,,,,
47686,"Age of Steam Expansion: Alabama Railways, Antebellum Louisiana & Four Corners",2009,0,463,61,4098,,5.57611,7.61821,89,1,,,,,,,,
428401,Terraforming Mars: Cardboard Map Box Big Box Extension,2024,0,466,5,,406001;428511,5.52689,7.55,40,1,,,,,,,,
37326,Age of Steam Expansion: Secret Blueprints of Steam Plans 1 & 2,2008,0,472,31,4098,,5.52383,6.96129,47,1,,,,,,,,
226491,Kingdom Death: Monster – Beyond The Wall Promo,2016,0,472,21,55690,,5.53225,8.3973,37,1,,,,,,,,
176267,The Lord of the Rings: The Card Game – Nightmare Decks: The Black Riders,2015,0,473,27,77423,,5.5328,7.91714,35,1,,,,,,,,
226216,Kingdom Death: Monster – White Speaker Promo,2016,0,475,22,55690,,5.54896,8.88889,45,1,,,,,,,,
356743,Eclipse: Neue Gefahren,2022,0,486,18,,305954;305950;350921;305955,5.5858,8.2311,82,1,,,,,,,,
216649,Agricola Game Expansion: White,2017,0,492,32,200680,,5.55316,7.93036,56,1,,,,,,,,
99690,Age of Steam Expansion: Moon and Berlin Wall,2011,0,495,50,4098,,5.59141,8.15309,81,1,,,,,,,,
386774,ISS Vanguard: Story Dice Expansion,2024,0,500,15,325494,,5.5139,6.89474,38,1,,,,,,,,
170362,The Lord of the Rings: The Card Game – Nightmare Decks: Heirs of Númenor,2014,0,506,31,77423,,5.53848,8.02162,37,1,,,,,,,,
166713,The Lord of the Rings: The Card Game – Nightmare Deck: Foundations of Stone,2014,0,507,31,77423,,5.5342,7.87568,37,1,,,,,,,,
216469,Kingdom Death: Monster – Pariah Expansion,2025,0,515,15,55690,,0,9.125,24,1,,,,,,,,
166711,The Lord of the Rings: The Card Game – Nightmare Deck: The Long Dark,2014,0,517,30,77423,,5.53632,7.71591,44,1,,,,,,,,
166715,The Lord of the Rings: The Card Game – Nightmare Deck: Shadow and Flame,2014,0,520,31,77423,,5.53407,7.86757,37,1,,,,,,,,
109012,Agricola: De Lage Landen,2012,0,522,57,,103182,5.57102,6.90074,136,1,,,,,,,,
161069,The Lord of the Rings: The Card Game – Nightmare Decks: On the Doorstep,2014,0,523,34,77423,,5.53832,7.77073,41,1,,,,,,,,
164663,The Lord of the Rings: The Card Game – Nightmare Deck: Road to Rivendell,2014,0,524,33,77423,,5.53339,7.70769,39,1,,,,,,,,
164662,The Lord of the Rings: The Card Game – Nightmare Deck: The Redhorn Gate,2014,0,531,33,77423,,5.54066,7.74375,48,1,,,,,,,,
164664,The Lord of the Rings: The Card Game – Nightmare Deck: The Watcher in the Water,2014,0,537,36,77423,,5.53701,7.75227,44,1,,,,,,,,
93448,Age of Steam Expansion: Mexico & China,2011,0,539,55,4098,,5.58265,7.80599,87,1,,,,,,,,
468137,Too Many Bones: Trover,2026,0,539,3,192135,,5.53895,8.49143,35,1,,,,,,,,
193585,The Castles of Burgundy: 7th Expansion – German Board Game Championship Board 2016,2016,0,540,58,84876,,5.62198,7.74246,138,1,,,,,,,,
55209,Age of Steam Expansion: Germany & France,2009,0,547,84,4098,,5.61938,7.96684,123,1,,,,,,,,
303949,Age of Steam Deluxe Expansion: Detroit Bankruptcy & Heavy Cardboard Maps,2020,0,550,29,4098,,5.57232,8.1,65,1,,,,,,,,
216655,Agricola Game Expansion: Yellow,2017,0,554,34,200680,,5.56255,7.86716,67,1,,,,,,,,
216651,Agricola Game Expansion: Blue,2017,0,560,32,200680,,5.56863,8.00652,69,1,,,,,,,,
291481,Kingdom Death: Monster – 10th Anniversary Survivors,2019,0,570,14,55690,,5.55061,8.67924,53,1,,,,,,,,
216654,Agricola Game Expansion: Red,2017,0,571,34,200680,,5.56738,7.89648,71,1,,,,,,,,
216476,Kingdom Death: Monster – Red Witches Expansion,2025,0,571,16,55690,,5.53226,9.16129,31,1,,,,,,,,
216650,Agricola Game Expansion: Green,2017,0,575,35,200680,,5.5674,7.93057,70,1,,,,,,,,
216652,Agricola Game Expansion: Purple,2017,0,579,33,200680,,5.55567,7.90847,59,1,,,,,,,,
23189,Age of Steam Expansion: 1830's Pennsylvania / Northern California,2006,0,588,67,4098,,5.69746,7.83756,217,1,,,,,,,,
420143,Aeon's End: Tales of Old Gravehold,2024,0,590,13,191189,,5.53041,7.75758,33,1,,,,,,,,
420141,Aeon's End: The Caverns,2024,0,590,13,191189,,5.54132,8.34857,35,1,,,,,,,,
416002,Dominion: Cornucopia & Guilds – Update Pack,2024,0,597,8,36218,,5.58003,8.28929,70,1,,,,,,,,
163672,The Lord of the Rings: The Card Game – Nightmare Decks: Over Hill and Under Hill,2014,0,605,37,77423,,5.53832,7.85116,43,1,,,,,,,,
420158,Aeon's End: The Abyss,2024,0,608,13,191189,,5.54027,8.44545,33,1,,,,,,,,
37302,"Age of Steam Expansion: Vermont, New Hampshire & Central New England",2008,0,613,67,4098,,5.60292,7.70807,118,1,,,,,,,,
30930,Age of Steam Expansion: America / Europe,2007,0,629,62,4098,,5.63292,7.45163,172,1,,,,,,,,
475207,Lost Ruins of Arnak: Surprise Shipment,2026,0,640,1,312484,,5.54501,8.40851,47,1,,,,,,,,
160425,The Lord of the Rings: The Card Game – Nightmare Decks: Khazad-dûm,2014,0,640,42,77423,,5.54628,7.93241,54,1,,,,,,,,
286877,Kingdom Death: Monster – Echoes of Death 2,2019,0,645,24,55690,,5.55592,8.51852,54,1,,,,,,,,
5754,El Grande: König & Intrigant – Player's Edition,1998,0,651,82,93,,5.6128,7.32695,154,1,,,,,,,,
27520,Age of Steam Expansion: Mississippi Steamboats / Golden Spike,2007,0,653,82,4098,,5.59636,7.17764,143,1,,,,,,,,
442632,Endeavor: Deep Sea – Deluxe Upgrade Pack,2024,0,658,16,,432730;468808,5.61679,8.31154,104,1,,,,,,,,
301401,Rovers van de Noordzee: Helden uit het Noorden,2020,0,674,48,,210164;210163,5.71094,8.24428,198,1,,,,,,,,
438602,Final Girl: The Green Terror,2026,0,680,5,277659,,5.55531,8.39608,51,1,,,,,,,,
381446,Wyprawa do El Dorado: Mokradła i Smoki,2023,0,681,18,,364636;377971,5.60464,8.01864,118,1,,,,,,,,
381603,Eclipse: Second Dawn for the Galaxy – Expanded Galaxy,2023,0,686,15,246900,,5.55216,8.13981,54,1,,,,,,,,
154427,The Lord of the Rings: The Card Game – Nightmare Deck: Return to Mirkwood,2013,0,693,50,77423,,5.55108,7.82589,56,1,,,,,,,,
160673,Dominion: Die Intrige – Erweiterung,2014,0,707,58,36218,,5.62432,7.54608,153,1,,,,,,,,
154426,The Lord of the Rings: The Card Game – Nightmare Deck: The Dead Marshes,2013,0,710,50,77423,,5.54613,7.67636,55,1,,,,,,,,
354504,Arkham Horror: The Card Game – Red Tide Rising: Challenge Scenario,2021,0,713,13,205637,,5.55671,8.25,52,1,,,,,,,,
321498,The Lord of the Rings: The Card Game – The Hunt for the Dreadnaught,2020,0,717,25,77423,,5.55217,8.38356,45,1,,,,,,,,
154425,The Lord of the Rings: The Card Game – Nightmare Deck: The Hills of Emyn Muil,2013,0,718,51,77423,,5.55497,7.64924,66,1,,,,,,,,
393531,Fields of Arle: Big Box,2019,0,725,35,,226441,5.71187,8.31332,202,0,,,,,,,,
297784,Age of Steam: Deluxe Expansion – France & Poland Maps,2019,0,731,51,4098,,5.60347,8.13118,93,1,,,,,,,,
381605,Eclipse: Second Dawn for the Galaxy – Warped Universe,2024,0,735,14,246900,,5.55846,8.26,55,1,,,,,,,,
300131,The Lord of the Rings: The Card Game – Escape from Khazad-dûm,2020,0,738,32,77423,,5.55412,8.05,51,1,,,,,,,,
281251,The Lord of the Rings: The Card Game – The Mines of Moria,2019,0,753,29,77423,,5.5511,8.17174,46,1,,,,,,,,
294606,Age of Steam Deluxe Expansion: New England/Pittsburgh & Switzerland Maps,2019,0,755,75,4098,,5.62468,8.32877,106,1,,,,,,,,
294765,Age of Steam Deluxe Expansion: Hungary & Finland Maps,2019,0,756,54,4098,,5.58472,7.90361,83,1,,,,,,,,
154424,The Lord of the Rings: The Card Game – Nightmare Deck: A Journey to Rhosgobel,2013,0,765,61,77423,,5.5514,7.5597,67,1,,,,,,,,
325475,Kingdom Death: Monster – Legendary Card Pack,2021,0,767,28,55690,,5.56109,8.54754,61,1,,,,,,,,
458332,Clans of Caledonia & Industria,2025,0,771,21,,391913,5.69097,8.53096,173,0,,,,,,,,
422757,Power Grid: Bremen/Manhattan,2024,0,779,7,2651,,5.58672,8.27,80,1,,,,,,,,
216466,Kingdom Death: Monster – Frogdog Expansion,2024,0,788,24,55690,,5.56416,9.18163,49,1,,,,,,,,
139160,The Castles of Burgundy: 3rd Expansion – German Board Game Championship Board 2013,2013,0,795,111,84876,,5.69769,7.76863,233,1,,,,,,,,
252894,The Lord of the Rings: The Card Game – The Wizard's Quest,2018,0,795,37,77423,,5.5612,8.21864,59,1,,,,,,,,
257615,Kingdom Death: Monster – Echoes of Death,2018,0,800,29,55690,,5.56451,8.3501,68,1,,,,,,,,
329520,Lorenzo il Magnifico: The Pazzi Conspiracy,2019,0,801,82,203993,,5.58623,7.55481,104,1,,,,,,,,
340953,Arkham Horror: The Card Game – By the Book: Challenge Scenario,2021,0,805,15,205637,,5.56028,8.13226,62,1,,,,,,,,
154423,The Lord of the Rings: The Card Game – Nightmare Deck: Conflict at the Carrock,2013,0,805,60,77423,,5.56931,7.94097,72,1,,,,,,,,
396948,Age of Steam Deluxe: Expansion Volume IV,2024,0,810,11,4098,,5.58453,8.11067,75,1,,,,,,,,
264752,The Lord of the Rings: The Card Game – The Woodland Realm,2018,0,819,41,77423,,5.55972,8.17368,57,1,,,,,,,,
154419,The Lord of the Rings: The Card Game – Nightmare Deck: The Hunt for Gollum,2013,0,825,64,77423,,5.56574,7.57202,84,1,,,,,,,,
386835,Final Girl: Starter Set,2023,0,835,32,,307683,5.65808,8.28066,160,0,,,,,,,,
425623,Cthulhu: Death May Die – Godzilla Vs Cthulhu,2024,0,842,20,253344,,5.57439,8.16582,79,1,,,,,,,,
172592,Dominion: Alchemisten & Reiche Ernte – Mixbox,2014,0,851,52,,66098;90850,5.63742,7.46226,177,1,,,,,,,,
365950,Aeon's End: Evolution,2023,0,869,25,191189,,5.54586,7.964,50,1,,,,,,,,
432730,"Endeavor: Deep Sea – Orca Reintroduction, Underwave Academy, and Robot Wanderer Mini Expansion",2024,0,875,24,367966,,5.62405,8.05202,124,1,,,,,,,,
438604,Final Girl: A Demon in the Shadows,2025,0,886,6,277659,,5.58621,8.79691,81,1,,,,,,,,
154416,The Lord of the Rings: The Card Game – Nightmare Deck: Escape from Dol Guldur,2013,0,898,79,77423,,5.56804,7.89342,76,1,,,,,,,,
367926,The Lord of the Rings: Journeys in Middle-Earth – Poison Promise,2022,0,912,19,269385,,5.67251,8.58965,171,1,,,,,,,,
326045,Arkham Horror: The Card Game – Bad Blood: Challenge Scenario,2020,0,920,17,205637,,5.56944,8.33571,70,1,,,,,,,,
364530,Aeon's End: Origins,2023,0,922,22,191189,,5.56378,8.19833,60,1,,,,,,,,
154414,The Lord of the Rings: The Card Game – Nightmare Deck: Journey Along the Anduin,2013,0,923,82,77423,,5.58331,7.83261,92,1,,,,,,,,
30928,Age of Steam Expansion: Jamaica / Puerto Rico,2007,0,925,69,4098,,5.62231,7.0548,198,1,,,,,,,,
294546,Eclipse: Second Dawn for the Galaxy – Supernova,2019,0,926,49,246900,,5.60576,7.91913,115,1,,,,,,,,
216473,Kingdom Death: Monster – Black Knight Expansion,2024,0,936,26,55690,,5.57242,9.12034,59,1,,,,,,,,
150732,Agricola: Bielefeld Deck,2013,0,946,92,31260,,5.58449,7.20693,137,1,,,,,,,,
252897,Arkham Horror: The Card Game – The Night's Usurper: Scenario Pack,2018,0,952,44,205637,,5.5769,8.09655,87,1,,,,,,,,
235553,The Lord of the Rings: The Card Game – Attack on Dol Guldur,2017,0,964,52,77423,,5.5653,8.07606,71,1,,,,,,,,
364690,Targi: Die Bonus-Box,2022,0,966,26,118048,,5.5818,6.99716,141,1,,,,,,,,
344428,Power Grid: Europe/North America,2021,0,978,16,2651,,5.60314,8.14,100,1,,,,,,,,
313550,The Lord of the Rings: The Card Game – The Fortress of Nurn,2020,0,984,29,77423,,5.54888,8.19167,48,1,,,,,,,,
235539,Android: Netrunner – Sovereign Sight,2017,0,988,63,124742,,5.57743,8.45286,70,1,,,,,,,,
239941,Android: Netrunner – Council of the Crest,2018,0,992,62,124742,,5.58014,8.46111,72,1,,,,,,,,
245351,Android: Netrunner – The Devil and the Dragon,2018,0,992,60,124742,,5.57431,8.47313,67,1,,,,,,,,
237730,Android: Netrunner – Down the White Nile,2018,0,993,64,124742,,5.57807,8.47429,70,1,,,,,,,,
245339,Android: Netrunner – Whispers in Nalubaale,2018,0,998,61,124742,,5.57296,8.34348,69,1,,,,,,,,
302309,The Lord of the Rings: The Card Game – The Land of Sorrow,2020,0,1001,29,77423,,5.55733,8.24717,53,1,,,,,,,,
246523,Android: Netrunner – Kampala Ascendent,2018,0,1003,68,124742,,5.57486,8.34348,69,1,,,,,,,,
455953,Nucleum: Gibraltar,2026,0,1013,2,396790,,5.6008,8.49506,87,1,,,,,,,,
216123,Звёздные империи. Подарочное издание (Star Realms. Gift Edition),2015,0,1018,102,,166702;166707;166704;166708;158957,5.78737,7.62685,461,0,,,,,,,,
418217,Inis: Nemed,2026,0,1025,14,155821,,5.56968,7.23535,99,1,,,,,,,,
287290,Star Realms: High Alert – First Strike,2021,0,1025,34,147020,,5.57565,7.69438,89,1,,,,,,,,
6356,Age of Steam Expansion #1: England & Ireland,2003,0,1030,154,4098,,5.97275,8.02576,557,1,,,,,,,,
294533,The Lord of the Rings: The Card Game – Challenge of the Wainriders,2020,0,1038,30,77423,,5.5522,8.05926,54,1,,,,,,,,
350921,Eclipse: Second Dawn for the Galaxy – Turn Order Variant,2022,0,1042,35,246900,,5.67837,8.50729,151,1,,,,,,,,
249769,Android: Netrunner – Reign and Reverie,2018,0,1056,76,124742,,5.6442,8.64796,117,1,,,,,,,,
13925,Age of Steam Expansion #4: France and Italy,2004,0,1062,128,4098,,5.77174,7.43442,378,1,,,,,,,,
317014,Arkham Horror: The Card Game – All or Nothing: Challenge Scenario,2020,0,1069,26,205637,,5.58192,8.14045,89,1,,,,,,,,
365192,Dominion: Hinterlands – Update Pack,2022,0,1073,21,36218,,5.66276,8.33478,147,1,,,,,,,,
363618,Mansions of Madness: Second Edition – Dark Reflections,2017,0,1082,20,205059,,5.65421,8.20941,170,1,,,,,,,,
285959,Kingdom Death: Monster – Vignette of Death: White Gigalion,2019,0,1093,33,55690,,5.64112,8.61429,133,1,,,,,,,,
190225,The Castles of Burgundy: 6th Expansion – The Cloisters,2015,0,1094,168,84876,,5.66769,7.40628,231,1,,,,,,,,
363617,Mansions of Madness: Second Edition – What Lies Within,2016,0,1095,22,205059,,5.65514,8.21176,170,1,,,,,,,,
288924,The Lord of the Rings: The Card Game – The City of Ulfast,2019,0,1095,35,77423,,5.56571,8.24355,62,1,,,,,,,,
432909,Final Girl: Lore & Scenario Book – Series 3,2025,0,1096,12,277659,,5.54171,8.19811,53,1,,,,,,,,
303298,Eclipse: Second Dawn for the Galaxy – Worlds Afar Collection,2020,0,1099,59,,381603;305954;305950;368378;305955;368377;294546;350921;381605,5.65063,8.28732,142,1,,,,,,,,
432907,Final Girl: Grandma's Grudge,2025,0,1100,10,277659,,5.54869,8.48729,59,1,,,,,,,,
298693,The Lord of the Rings: The Card Game – Under the Ash Mountains,2020,0,1101,35,77423,,5.55661,8.10702,57,1,,,,,,,,
365432,Dominion: Hinterlands (Second Edition),2022,0,1106,31,,104557,5.78058,8.30235,276,1,,,,,,,,
315049,Teotihuacan: City of Gods – 5th Player Expansion,2020,0,1107,39,229853,,5.56317,7.98047,64,1,,,,,,,,
437800,Planet Unknown: New Planets and Corporations,2024,0,1111,26,258779,,5.6262,8.1056,125,1,,,,,,,,
378715,Age of Steam Deluxe: Expansion Volume III,2023,0,1113,26,4098,,5.62627,8.33962,106,1,,,,,,,,
438601,Final Girl: A Rotten Harvest,2025,0,1123,8,277659,,5.63098,8.44924,131,1,,,,,,,,
363616,Mansions of Madness: Second Edition – Altered Fates,2018,0,1131,24,205059,,5.66819,8.22972,181,1,,,,,,,,
469660,Marvel Champions: The Card Game – Fear No Evil Expansion,2026,0,1140,2,285774,,5.58732,8.88182,66,1,,,,,,,,
309374,Arkham Horror: The Card Game – Read or Die: Challenge Scenario,2020,0,1143,28,205637,,5.59853,8.14722,108,1,,,,,,,,
30929,Age of Steam Expansion: Barbados / St. Lucia,2007,0,1144,215,4098,,5.74212,7.20911,390,1,,,,,,,,
430436,Barrage: The Far Companies,2025,0,1150,7,251247,,5.57497,8.16777,74,1,,,,,,,,
356035,Terra Mystica: Fan Factions,2025,0,1150,10,120677,,5.73204,8.65899,194,1,,,,,,,,
205193,The Lord of the Rings: The Card Game – The Siege of Annuminas,2016,0,1150,61,77423,,5.59536,8.31117,94,1,,,,,,,,
438625,Final Girl: Guest Stars,2025,0,1151,8,277659,,5.56345,8.31013,74,1,,,,,,,,
283586,The Lord of the Rings: The Card Game – Wrath and Ruin,2019,0,1153,36,77423,,5.55878,8.02295,61,1,,,,,,,,
227882,Android: Netrunner – Crimson Dust,2017,0,1154,70,124742,,5.58701,8.25244,82,1,,,,,,,,
135064,The Lord of the Rings: The Card Game – Nightmare Deck: Passage Through Mirkwood,2013,0,1154,115,77423,,5.63071,7.86014,143,1,,,,,,,,
219662,Android: Netrunner – Station One,2017,0,1166,69,124742,,5.58641,8.22593,81,1,,,,,,,,
218120,Android: Netrunner – Daedalus Complex,2017,0,1171,72,124742,,5.58414,8.23636,77,1,,,,,,,,
224686,Twilight Struggle: Turn Zero and Promo Packs,2017,0,1172,77,,163247,5.61042,7.66178,135,1,,,,,,,,
362228,Age of Steam Deluxe: Expansion Volume I,2023,0,1175,43,4098,,5.6388,8.29479,119,1,,,,,,,,
220660,Android: Netrunner – Blood and Water,2017,0,1176,73,124742,,5.59116,8.25238,84,1,,,,,,,,
182831,The Lord of the Rings: The Card Game – The Ruins of Belegost,2015,0,1184,71,77423,,5.58904,8.08088,91,1,,,,,,,,
218982,Android: Netrunner – Earth's Scion,2017,0,1186,75,124742,,5.58615,8.18622,82,1,,,,,,,,
202862,Star Realms: Year Two Promo Cards,2017,0,1198,81,147020,,5.61462,7.62679,140,1,,,,,,,,
362227,Age of Steam Deluxe: Expansion Volume II,2023,0,1200,27,4098,,5.62374,8.38725,102,1,,,,,,,,
181289,Terra Mystica: Big Box,2015,0,1209,143,,161317,6.00239,8.5228,480,0,,,,,,,,
14183,Age of Steam Expansion #3: Scandinavia and Korea,2004,0,1212,162,4098,,5.90296,7.83302,487,1,,,,,,,,
225576,Android: Netrunner – Free Mars,2017,0,1215,68,124742,,5.59308,8.22414,87,1,,,,,,,,
339951,Vinhos Deluxe Edition: Expansion Bundle,2020,0,1216,75,,207816;207818;207820;175640,5.63584,8.18449,136,1,,,,,,,,
264104,The Castles of Burgundy: 10th Expansion – Solo,2018,0,1222,207,84876,,5.69939,7.72491,234,1,,,,,,,,
130655,Viticulture: Arboriculture and Formaggio Expansions,2013,0,1223,142,183394,,5.66727,7.34288,260,1,,,,,,,,
252896,Arkham Horror: The Card Game – The Eternal Slumber: Scenario Pack,2018,0,1242,61,205637,,5.61699,8.24646,127,1,,,,,,,,
393922,Agricola: Ephipparius Deck,2023,0,1263,56,200680,,5.66027,8.60833,132,1,,,,,,,,
188886,War of the Ring: Scenario – The Breaking of the Fellowship,2012,0,1278,45,115746,,5.64262,8.36891,156,1,,,,,,,,
8845,Age of Steam Expansion #2: Western United States and Germany,2003,0,1292,178,4098,,5.89616,7.8409,479,1,,,,,,,,
272393,The Lord of the Rings: The Card Game – The Fate of Wilderland,2019,0,1295,49,77423,,5.57869,8.20855,76,1,,,,,,,,
159761,Puerto Rico: Expansion II – The Nobles,2009,0,1309,204,3076,,5.77054,7.45667,386,1,,,,,,,,
268187,The Lord of the Rings: The Card Game – Mount Gundabad,2019,0,1309,50,77423,,5.58144,8.13659,82,1,,,,,,,,
262559,The Lord of the Rings: The Card Game – The Ghost of Framsburg,2019,0,1314,53,77423,,5.56825,7.88684,76,1,,,,,,,,
316224,Marvel Champions: The Card Game – Kree Fanatic Modular Set,2020,0,1318,51,285774,,5.63841,7.88,165,1,,,,,,,,
262558,The Lord of the Rings: The Card Game – Fire in the Night,2018,0,1321,53,77423,,5.58056,8.1175,80,1,,,,,,,,
438028,Darwin's Journey: Golden Tent Mini-Expansion,2025,0,1323,8,322289,,5.55797,7.79242,66,1,,,,,,,,
402686,Final Girl: Carolyn's Revenge,2025,0,1333,15,277659,,5.57806,8.61709,79,1,,,,,,,,
416403,Mage Knight: The Apocalypse Dragon,2026,0,1337,8,96848,,5.6338,8.42595,149,1,,,,,,,,
278303,The Lord of the Rings: The Card Game – A Shadow in the East,2019,0,1340,43,77423,,5.58953,8.24762,84,1,,,,,,,,
253392,The Lord of the Rings: The Card Game – Roam Across Rhovanion,2018,0,1358,58,77423,,5.57627,8.02494,83,1,,,,,,,,
163247,Twilight Struggle: Turn Zero,2015,0,1361,99,12333,,5.65899,7.52254,228,1,,,,,,,,
166463,Agricola: France Deck,2014,0,1372,135,31260,,5.67135,7.64205,220,1,,,,,,,,
212399,Android: Netrunner – Quorum,2017,0,1375,91,124742,,5.60373,8.22105,95,1,,,,,,,,
364019,Dominion: Prosperity – Update Pack,2022,0,1375,24,36218,,5.71693,8.44344,192,1,,,,,,,,
212398,Android: Netrunner – Martial Law,2016,0,1398,94,124742,,5.60735,8.1758,100,1,,,,,,,,
250767,The Lord of the Rings: The Card Game – The Withered Heath,2018,0,1402,57,77423,,5.57552,7.81956,90,1,,,,,,,,
182785,The Lord of the Rings: The Card Game – Murder at the Prancing Pony,2015,0,1426,85,77423,,5.65962,8.3819,151,1,,,,,,,,
206989,Android: Netrunner – Intervention,2016,0,1430,94,124742,,5.61414,8.25728,103,1,,,,,,,,
356205,Dominion: Seaside – Update Pack,2022,0,1434,24,36218,,5.69858,8.18946,191,1,,,,,,,,
434027,Food Chain Magnate: Deluxe Edition,2025,0,1450,20,,175914,5.8949,8.73017,351,0,,,,,,,,
331259,Sleeping Gods: Kickstarter Edition,2021,0,1452,227,,287670,5.86884,8.42779,353,0,,,,,,,,
597,El Grande: Grandissimo,2000,0,1478,192,93,,5.67203,6.92486,332,1,,,,,,,,
410767,Final Girl: S3 Ultimate Box,2024,0,1484,20,,438625;432909;402686;401734;432907;401727;401964;401729;401724;401731,5.66067,9.02158,139,1,,,,,,,,
206988,Android: Netrunner – Escalation,2016,0,1498,114,124742,,5.62097,8.32243,111,1,,,,,,,,
355199,Star Realms,2021,0,1499,90,,158957,5.8664,7.83293,485,0,,,,,,,,
276939,Too Many Bones: Trollin' 4 Fools! Tyrant Pack,2019,0,1502,50,192135,,5.6147,8.18904,115,1,,,,,,,,
312515,The 7th Continent: Forgotten Passages,2020,0,1506,96,180263,,5.61161,8.37387,111,1,,,,,,,,
317124,Just One: Neue Begriffe,2020,0,1507,27,254640,,5.7219,7.61668,283,1,,,,,,,,
415467,The Lord of the Rings: The Card Game – Ered Mithrin Hero Expansion,2024,0,1516,29,77423,,5.60498,8.75455,99,1,,,,,,,,
220139,The Lord of the Rings: The Card Game – The Crossings of Poros,2017,0,1521,57,77423,,5.5912,8.08041,97,1,,,,,,,,
410769,Final Girl: S2 Ultimate Box,2024,0,1527,30,,382625;354777;354775;354824;354779;354778;354776,5.70084,8.98135,166,0,,,,,,,,
203186,Android: Netrunner – Blood Money,2016,0,1535,117,124742,,5.62942,8.27694,121,1,,,,,,,,
344429,Power Grid: The New Power Plants – Set 2,2021,0,1546,34,2651,,5.63442,7.76756,149,1,,,,,,,,
463072,Marvel Champions: The Card Game – Hercules Hero Pack,2026,0,1559,9,285774,,5.58616,8.27683,82,1,,,,,,,,
161216,The Lord of the Rings: The Card Game – Fog on the Barrow-downs,2014,0,1570,103,77423,,5.65631,8.08796,165,1,,,,,,,,
425791,Darwin's Journey: Komodo Dragon,2024,0,1572,15,322289,,5.57811,7.94458,83,1,,,,,,,,
420298,Dominion: Rising Sun,2024,0,1572,21,36218,,5.78815,8.21446,294,1,,,,,,,,
415468,The Lord of the Rings: The Card Game – Ered Mithrin Campaign Expansion,2024,0,1575,30,77423,,5.6003,8.69196,90,1,,,,,,,,
463073,Marvel Champions: The Card Game – Wonder Man Hero Pack,2026,0,1576,7,285774,,5.59187,8.43012,83,1,,,,,,,,
234163,The Castles of Burgundy: 9th Expansion – The Team Game,2017,0,1596,252,84876,,5.69867,7.76793,232,1,,,,,,,,
201553,Android: Netrunner – 23 Seconds,2016,0,1597,119,124742,,5.62737,8.16803,122,1,,,,,,,,
217403,The Lord of the Rings: The Card Game – The Dungeons of Cirith Gurat,2017,0,1599,61,77423,,5.59887,8.07264,106,1,,,,,,,,
406767,Hegemony: Lead Your Class to Victory – Extended Edition,2023,0,1604,87,,374250,6.03739,8.82414,502,0,,,,,,,,
184256,Eclipse: Black Hole,2015,0,1608,260,72125,,5.69744,7.4133,297,1,,,,,,,,
161217,The Lord of the Rings: The Card Game – The Old Forest,2014,0,1609,103,77423,,5.646,7.83293,167,1,,,,,,,,
462460,Splendor Duel: The Counterfeiters,2026,0,1610,4,364073,,5.64423,8.06123,163,1,,,,,,,,
312513,The 7th Continent: The Veins of the Earth,2020,0,1615,100,180263,,5.62315,8.37661,124,1,,,,,,,,
364426,Aeon's End: Past and Future,2023,0,1616,51,191189,,5.72665,8.43165,218,1,,,,,,,,
410768,Final Girl: S1 Ultimate Box,2024,0,1625,36,,354817;307686;310175;307687;310177;307683;307684,5.74758,8.819,221,0,,,,,,,,
190021,Android: Netrunner – Fear the Masses,2016,0,1628,120,124742,,5.61075,8.13545,110,1,,,,,,,,
212142,The Lord of the Rings: The Card Game – The Black Serpent,2017,0,1631,68,77423,,5.60489,8.11843,108,1,,,,,,,,
260936,Cthulhu: Death May Die – R'lyeh Rising,2019,0,1640,82,253344,,5.69824,8.62076,187,1,,,,,,,,
377971,"The Quest for El Dorado: Dragons, Treasures & Mysteries",2023,0,1643,26,217372,,5.7157,7.74145,269,1,,,,,,,,
209997,The Lord of the Rings: The Card Game – Beneath the Sands,2017,0,1649,69,77423,,5.59853,7.88053,113,1,,,,,,,,
354693,Viscounts of the West Kingdom: Crossover Promo Pack,2022,0,1651,75,296151,,5.63002,7.92842,139,1,,,,,,,,
241926,The Lord of the Rings: The Card Game – The Wilds of Rhovanion,2018,0,1661,73,77423,,5.62163,8.28083,120,1,,,,,,,,
207615,The Lord of the Rings: The Card Game – Race Across Harad,2017,0,1662,71,77423,,5.61198,8.03814,118,1,,,,,,,,
312514,The 7th Continent: A Prison of Clouds,2020,0,1666,95,180263,,5.62078,8.13619,126,1,,,,,,,,
464604,Codenames: Sci-Fi Expansion Pack,2026,0,1669,2,178900,,0,8.7,10,1,,,,,,,,
356238,Terra Mystica: Big Box,2022,0,1674,130,,161317;280885;349169,6.01158,8.70104,471,0,,,,,,,,
186862,Android: Netrunner – Salsette Island,2016,0,1688,134,124742,,5.62601,8.13413,126,1,,,,,,,,
583,The El Grande Expansions,2000,0,1688,269,,3146;370;5754;27759,5.86901,7.33522,619,1,,,,,,,,
285448,Power Grid: Middle East/South Africa,2019,0,1695,39,2651,,5.73459,7.96195,252,1,,,,,,,,
189314,Android: Netrunner – The Liberated Mind,2016,0,1697,137,124742,,5.6247,8.16992,123,1,,,,,,,,
195317,Kingdom Death: Monster – Green Knight Armor Expansion,2016,0,1706,62,55690,,5.61662,8.23623,138,1,,,,,,,,
206259,The Lord of the Rings: The Card Game – The Mûmakil,2017,0,1712,78,77423,,5.61537,8.15729,118,1,,,,,,,,
305950,Eclipse: Second Dawn for the Galaxy – Minor Species,2020,0,1738,66,246900,,5.73625,8.13657,242,1,,,,,,,,
305954,Eclipse: Second Dawn for the Galaxy – Galactic Events,2020,0,1752,71,246900,,5.71607,8.02043,230,1,,,,,,,,
310215,7 Wonders Duel: Solo,2020,0,1753,97,173346,,5.90501,7.66697,583,1,,,,,,,,
201875,The Lord of the Rings: The Card Game – The City of Corsairs,2016,0,1756,89,77423,,5.62731,8.216,125,1,,,,,,,,
186860,Android: Netrunner – Democracy and Dogma,2016,0,1767,141,124742,,5.63493,8.11778,135,1,,,,,,,,
200092,The Lord of the Rings: The Card Game – A Storm on Cobas Haven,2016,0,1770,86,77423,,5.63177,8.1237,135,1,,,,,,,,
455581,Wingspan: Fan-Designed Bird Promo Pack – Additional Asian Avians,2025,0,1774,8,266192;366161,,5.69845,8.64514,175,1,,,,,,,,
193154,The Lord of the Rings: The Card Game – The Drowned Ruins,2016,0,1775,87,77423,,5.62704,8.17656,128,1,,,,,,,,
182375,Android: Netrunner – Business First,2016,0,1776,141,124742,,5.63493,8.07101,138,1,,,,,,,,
441548,Trickerion: Anniversary Edition,2025,0,1782,19,,441341;244358;172659;255743,5.89413,8.86951,349,0,,,,,,,,
455576,Wingspan: Fan-Designed Bird Promo Pack – Birds of Continental Europe,2025,0,1784,8,266192;366161,,5.69656,8.56158,177,1,,,,,,,,
305955,Eclipse: Second Dawn for the Galaxy – Rift Cannon,2020,0,1786,68,246900,,5.73631,7.92955,264,1,,,,,,,,
455577,Wingspan: Fan-Designed Bird Promo Pack – Birds of the U.S.A.,2025,0,1786,8,266192;366161,,5.70333,8.57038,183,1,,,,,,,,
131403,Agricola: Belgium Deck,2012,0,1800,181,31260,,5.66581,7.09246,297,1,,,,,,,,
455578,Wingspan: Fan-Designed Bird Promo Pack – British Birds,2025,0,1802,9,266192;366161,,5.70256,8.57111,180,1,,,,,,,,
455580,Wingspan: Fan-Designed Bird Promo Pack – Birds of New Zealand,2025,0,1810,9,266192;366161,,5.6996,8.61989,176,1,,,,,,,,
441341,Trickerion: Arcane Arts,2025,0,1813,16,163068,,5.61623,8.11303,119,1,,,,,,,,
287289,Star Realms: High Alert – Requisition,2021,0,1819,50,147020,,5.64096,7.70621,177,1,,,,,,,,
455579,Wingspan: Fan-Designed Bird Promo Pack – Birds of Canada,2025,0,1819,9,266192;366161,,5.71078,8.61711,187,1,,,,,,,,
322816,Caverna: Frantic Fiends,2022,0,1826,107,102794,,5.58926,6.75571,198,1,,,,,,,,
287286,Star Realms: High Alert – Heroes,2021,0,1830,47,147020,,5.6141,7.32586,174,1,,,,,,,,
191436,The Lord of the Rings: The Card Game – Temple of the Deceived,2016,0,1833,94,77423,,5.65076,8.38643,140,1,,,,,,,,
270125,Puerto Rico: Expansions 1&2 – The New Buildings & The Nobles,2019,0,1835,190,,12382;159761,5.73159,7.71039,281,1,,,,,,,,
189625,The Lord of the Rings: The Card Game – The Thing in the Depths,2016,0,1844,91,77423,,5.645,8.19826,144,1,,,,,,,,
180303,Android: Netrunner – Kala Ghoda,2016,0,1848,157,124742,,5.63954,8.11748,143,1,,,,,,,,
287287,Star Realms: High Alert – Tech,2021,0,1850,48,147020,,5.62543,7.40383,183,1,,,,,,,,
287284,Star Realms: High Alert – Invasion,2021,0,1851,50,147020,,5.64794,7.74222,180,1,,,,,,,,
319895,The Lord of the Rings: Journeys in Middle-earth – The Haunting of Dale,2020,0,1861,40,269385,,5.86228,8.5814,379,1,,,,,,,,
143025,The Lord of the Rings: The Card Game – The Stone of Erech,2013,0,1862,129,77423,,5.6849,8.08161,188,1,,,,,,,,
185306,Ticket to Ride: Europe – Orient Express,2015,0,1863,166,14996,,5.66546,7.06585,282,1,,,,,,,,
368377,Eclipse: Second Dawn for the Galaxy – Seekers,2024,0,1864,29,246900,,5.76749,8.53057,247,1,,,,,,,,
3146,El Grande: Grossinquisitor und Kolonien,1997,0,1898,185,93,,5.78272,7.28748,444,1,,,,,,,,
368378,Eclipse: Second Dawn for the Galaxy – Outcasts,2024,0,1906,31,246900,,5.7963,8.62914,266,1,,,,,,,,
420068,Orléans: Big Box,2024,0,1906,23,,231964;204814;398047;183682;179417;184018;185922;211082;237163;443274,6.20927,8.94894,624,0,,,,,,,,
438599,Final Girl: Bad Times at Buddyland,2025,0,1914,22,277659,,5.69264,8.46172,209,1,,,,,,,,
399215,Cartographers: Map Pack Collection,2021,0,1926,63,,319272;319273;319274,5.74342,7.91548,281,1,,,,,,,,
188228,The Lord of the Rings: The Card Game – Flight of the Stormcaller,2016,0,1932,104,77423,,5.66845,8.3521,157,1,,,,,,,,
453128,Marvel Champions: The Card Game – Synthezoid Smackdown Scenario Pack,2025,0,1938,7,285774,,5.58619,7.64563,103,1,,,,,,,,
147170,El Grande: Decennial Edition,2006,0,1946,468,,597;3146;370;5754;27759,6.37446,8.31681,1066,0,,,,,,,,
103182,Agricola: NL-Deck,2011,0,1962,200,31260,,5.73364,7.2203,400,1,,,,,,,,
438600,Final Girl: Shriek,2025,0,1972,13,277659,,5.75536,8.82076,236,1,,,,,,,,
180695,The Lord of the Rings: The Card Game – The Dread Realm,2015,0,1990,108,77423,,5.65058,8.03799,159,1,,,,,,,,
425071,The Lord of the Rings: The Card Game – The Return of the King: Saga Expansion,2024,0,1995,38,77423,,5.63981,8.7576,125,1,,,,,,,,
401964,Final Girl: Terror from Destiny,2025,0,1997,26,277659,,5.60372,8.20164,122,1,,,,,,,,
176426,Android: Netrunner – The Universe of Tomorrow,2015,0,2000,185,124742,,5.6678,8.25981,158,1,,,,,,,,
428491,Arkham Horror: The Card Game – The Innsmouth Conspiracy: Investigator Expansion,2024,0,2002,30,205637,,5.6645,8.74238,151,1,,,,,,,,
392844,Underwater Cities: Mini-expansion,2023,0,2007,54,247763,,5.72235,8.09713,230,1,,,,,,,,
450530,Civolution: Acceptance Letter,2025,0,2015,11,400602,,5.71809,8.42231,193,1,,,,,,,,
231375,Star Realms: Stellar Allies Pack,2018,0,2016,110,147020,,5.67796,7.6993,213,1,,,,,,,,
178862,The Lord of the Rings: The Card Game – The Battle of Carn Dûm,2015,0,2023,112,77423,,5.63759,7.73401,168,1,,,,,,,,
257570,Patchwork: Automa,2018,0,2025,154,163412,,5.83377,7.58923,452,1,,,,,,,,
349916,Too Many Bones: The Automaton of Shale,2022,0,2031,70,192135,,5.78517,8.70308,262,1,,,,,,,,
380917,Concordia: Roma / Sicilia,2023,0,2038,52,124361,,5.7434,8.29189,227,1,,,,,,,,
173909,Android: Netrunner – The Underway,2015,0,2041,205,124742,,5.68418,8.274,175,1,,,,,,,,
177608,The Lord of the Rings: The Card Game – The Treachery of Rhudaur,2015,0,2042,110,77423,,5.65423,7.97048,166,1,,,,,,,,
436059,Nucleum: Energy Research Institute,2025,0,2044,16,396790,,5.74617,8.6771,216,1,,,,,,,,
362517,Dominion: Prosperity (Second Edition),2022,0,2053,44,,66690,6.01676,8.49521,512,1,,,,,,,,
172620,Android: Netrunner – Chrome City,2015,0,2056,203,124742,,5.6852,8.21145,179,1,,,,,,,,
175436,Android: Netrunner – Old Hollywood,2015,0,2069,209,124742,,5.67957,8.21541,172,1,,,,,,,,
232004,Power Grid: Fabled Expansion,2017,0,2078,97,2651,,5.60626,6.92284,197,1,,,,,,,,
174565,The Lord of the Rings: The Card Game – Escape from Mount Gram,2015,0,2080,115,77423,,5.66971,8.17471,170,1,,,,,,,,
231374,Star Realms: Command Deck – Lost Fleet,2018,0,2085,108,147020,,5.6792,7.62482,220,1,,,,,,,,
176058,The Lord of the Rings: The Card Game – Across the Ettenmoors,2015,0,2088,116,77423,,5.66785,7.99921,177,1,,,,,,,,
388565,War Chest: Nightfall,2024,0,2117,58,249259,,5.72072,8.33354,212,1,,,,,,,,
382310,The Lord of the Rings: The Card Game – The Dream-chaser Hero Expansion,2023,0,2126,51,77423,,5.68876,8.74368,174,1,,,,,,,,
172680,The Lord of the Rings: The Card Game – The Wastes of Eriador,2015,0,2146,123,77423,,5.6585,7.94264,173,1,,,,,,,,
326869,The Quacks of Quedlinburg: Big Box,2020,0,2154,99,,269259,6.04166,7.95586,703,0,,,,,,,,
204091,The Lord of the Rings: The Card Game – The Sands of Harad,2016,0,2163,99,77423,,5.67164,8.21202,178,1,,,,,,,,
382311,The Lord of the Rings: The Card Game – The Dream-chaser Campaign Expansion,2023,0,2172,49,77423,,5.68178,8.83174,167,1,,,,,,,,
103183,Agricola: World Championship Deck – 2011,2011,0,2174,254,31260,,5.86586,7.86139,452,1,,,,,,,,
210625,Agricola: Expansion for 5 and 6 Players,2016,0,2175,164,200680,,5.75629,7.77572,327,1,,,,,,,,
355958,Dominion: Seaside (Second Edition),2022,0,2178,53,,51811,5.99826,8.27669,537,1,,,,,,,,
225188,The Lord of the Rings: The Card Game – The Mountain of Fire,2017,0,2188,122,77423,,5.68635,8.44095,175,1,,,,,,,,
207820,Vinhos Deluxe Edition: Tasting Room Expansion Pack,2016,0,2191,243,175640,,5.70079,7.86033,241,1,,,,,,,,
296519,Maracaibo: La Armada,2019,0,2194,344,276025,,5.7961,7.75499,369,1,,,,,,,,
207818,Vinhos Deluxe Edition: Islands Expansion Pack,2016,0,2206,247,175640,,5.71262,8.06108,232,1,,,,,,,,
312736,Nemesis: Aftermath & Void Seeders & Medic,2019,0,2217,129,,318351;313790,5.77794,8.55245,274,1,,,,,,,,
414695,Arkham Horror: The Card Game – The Dream-Eaters: Investigator Expansion,2024,0,2265,34,205637,,5.72959,8.84335,203,1,,,,,,,,
207816,Vinhos Deluxe Edition: Experts Expansion Pack,2016,0,2277,265,175640,,5.73045,8.20804,240,1,,,,,,,,
136135,Kingdom Death: Monster – Lonely Tree Expansion,2016,0,2294,99,55690,,5.6493,7.97957,200,1,,,,,,,,
207812,Vinhos Deluxe Edition: Connoisseur Expansion Pack,2016,0,2295,254,,,5.72198,8.13371,240,1,,,,,,,,
429274,Arkham Horror: The Card Game – The Innsmouth Conspiracy: Campaign Expansion,2024,0,2307,32,205637,,5.74281,8.78336,218,1,,,,,,,,
388973,Barrage: The Geological Factor,2023,0,2313,38,251247,,5.61931,7.61588,151,1,,,,,,,,
168823,Android: Netrunner – The Valley,2015,0,2316,236,124742,,5.70708,8.29721,197,1,,,,,,,,
451388,Twilight Imperium: Fourth Edition – Thunder's Edge,2025,0,2323,19,233078,,6.01951,8.88998,487,1,,,,,,,,
172404,Android: Netrunner – Breaker Bay,2015,0,2329,227,124742,,5.71238,8.2661,205,1,,,,,,,,
414602,Arkham Horror: The Card Game – The Dream-Eaters: Campaign Expansion,2024,0,2329,36,205637,,5.73622,8.51767,232,1,,,,,,,,
249301,Raiders of the North Sea: Solo Variant,2018,0,2339,221,170042,,5.98011,8.11901,541,1,,,,,,,,
135712,Kingdom Death: Monster – Lion God Expansion,2016,0,2348,91,55690,,5.67391,8.62787,183,1,,,,,,,,
466234,Harmonies: Pulse,2026,0,2352,4,414317,,5.71749,8.26968,216,1,,,,,,,,
318952,Aeon's End: Southern Village,2020,0,2362,132,191189,,5.77915,8.47812,256,1,,,,,,,,
440715,Underwater Cities: Data Era,2025,0,2364,15,247763,,5.84009,8.44458,333,1,,,,,,,,
434329,Darwin's Journey: Oceania,2026,0,2377,38,322289,,5.73636,7.99099,262,1,,,,,,,,
335386,Unmatched: Deadpool,2021,0,2377,197,294484,,5.96462,7.9059,664,1,,,,,,,,
295260,It's a Wonderful World: Heritage Edition,2019,0,2378,257,,334767;298752,6.33682,8.36741,997,0,,,,,,,,
129413,The Lord of the Rings: The Card Game – The Battle of Lake-town,2012,0,2379,210,77423,,5.74652,7.82195,291,1,,,,,,,,
429653,Andromeda's Edge: Deluxe Edition,2024,0,2385,108,,379786,6.27956,8.78152,785,0,,,,,,,,
333536,Clank! In! Space! Adventures: Pulsarcade,2021,0,2387,110,233371,,5.77365,8.02553,309,1,,,,,,,,
215370,Kingdom Death: Monster – Gambler's Chest,2023,0,2398,114,55690,,5.89993,9.43191,340,1,,,,,,,,
177903,Dominion: Guilds & Cornucopia,2015,0,2406,100,,90850;137166,5.97256,7.99031,604,1,,,,,,,,
414268,Ticket to Ride Map Collection 8: Iberia & South Korea,2024,0,2412,22,,,5.91234,7.8413,531,1,,,,,,,,
429649,The Lord of the Rings: The Fellowship of the Ring – Trick-Taking Game: Gifts of Galadriel,2024,0,2423,85,429293,,5.66793,7.36535,254,1,,,,,,,,
135035,Kingdom Death: Monster – Manhunter Expansion,2016,0,2440,103,55690,,5.73054,8.77876,226,1,,,,,,,,
166410,Russian Railroads: Mini-Expansion,2014,0,2441,564,144733,,5.90374,7.67941,539,1,,,,,,,,
329847,Agricola: Consul Dirigens Deck,2022,0,2445,98,200680,,5.72359,8.21618,225,1,,,,,,,,
154785,Eclipse: Nebula,2014,0,2457,457,72125,,5.88161,7.70591,528,1,,,,,,,,
135037,Kingdom Death: Monster – Lion Knight Expansion,2016,0,2459,112,55690,,5.68475,8.53895,199,1,,,,,,,,
135273,Kingdom Death: Monster – Spidicules Expansion,2016,0,2459,114,55690,,5.71574,8.53553,228,1,,,,,,,,
447650,Marvel Champions: The Card Game – Trickster Takeover Scenario Pack,2025,0,2459,9,285774,,5.65101,8.22619,147,1,,,,,,,,
318951,Aeon's End: Return to Gravehold,2020,0,2463,137,191189,,5.82301,8.51973,294,1,,,,,,,,
475233,Legendary Encounters: Dead Space,2022,0,2464,120,146652,,0,0,0,0,,,,,,,,
447305,Inis: Legendary Edition,2025,0,2466,47,,418217;255588,6.00211,8.4526,515,0,,,,,,,,
160464,The Lord of the Rings: The Card Game – The Antlered Crown,2014,0,2474,141,77423,,5.69753,7.95841,220,1,,,,,,,,
158019,The Lord of the Rings: The Card Game – The Nîn-in-Eilph,2014,0,2478,143,77423,,5.68942,7.7097,234,1,,,,,,,,
136137,Kingdom Death: Monster – Slenderman Expansion,2016,0,2507,116,55690,,5.74539,8.84364,236,1,,,,,,,,
398047,Orléans: The Plague,2023,0,2510,88,164928,,5.81185,8.05605,329,1,,,,,,,,
249086,The Voyages of Marco Polo: The Secret Path of Marco Polo,2018,0,2517,262,171623,,5.89403,7.69746,527,1,,,,,,,,
359999,Agricola 15,2022,0,2519,170,,113413;234218;247720,6.033,7.89714,720,0,,,,,,,,
237163,Orléans: Neue Ortskarten N°5,2017,0,2523,186,164928,,5.76471,7.72632,318,1,,,,,,,,
181971,Power Grid: The Stock Companies,2015,0,2526,151,2651,,5.66764,6.67255,423,1,,,,,,,,
158969,The Lord of the Rings: The Card Game – Celebrimbor's Secret,2014,0,2541,148,77423,,5.71621,7.98465,238,1,,,,,,,,
370,El Grande: König & Intrigant,1997,0,2543,257,93,,5.93755,7.42319,708,1,,,,,,,,
431218,Root: The Squires and Disciples Deck,2026,0,2555,12,237182,,5.69026,8.72061,165,1,,,,,,,,
401734,Final Girl: Don't Make a Sound,2025,0,2561,41,277659,,5.6895,8.14324,222,1,,,,,,,,
156416,The Lord of the Rings: The Card Game – Trouble in Tharbad,2014,0,2563,154,77423,,5.70956,7.99029,231,1,,,,,,,,
448997,Marvel Champions: The Card Game – Civil War Expansion,2025,0,2568,10,285774,,5.64925,7.89143,175,1,,,,,,,,
182930,The Lord of the Rings: The Card Game – The Grey Havens,2015,0,2568,146,77423,,5.77171,8.45295,261,1,,,,,,,,
448054,Arkham Horror: The Card Game – Film Fatale: Scenario Pack,2025,0,2589,23,205637,,5.67131,8.30174,172,1,,,,,,,,
446592,Marvel Champions: The Card Game – Falcon Hero Pack,2025,0,2590,10,285774,,5.66398,8.04203,169,1,,,,,,,,
431220,Root: Homeland Hirelings Pack,2026,0,2591,15,237182,,5.62476,8.37218,124,1,,,,,,,,
382625,Final Girl: Lore & Scenario Book – Series 2,2023,0,2594,102,277659,,5.68536,8.13467,215,1,,,,,,,,
295353,The Lord of the Rings: Journeys in Middle-Earth – Hunt for the Ember Crown,2019,0,2605,93,269385,,6.05227,8.40413,648,1,,,,,,,,
154493,The Lord of the Rings: The Card Game – The Three Trials,2014,0,2606,163,77423,,5.73475,8.00729,256,1,,,,,,,,
401731,Final Girl: The Marrek Murders,2025,0,2617,43,277659,,5.71692,8.27586,234,1,,,,,,,,
198926,The Lord of the Rings: The Card Game – The Flame of the West,2016,0,2625,153,77423,,5.7218,8.40673,207,1,,,,,,,,
364636,The Quest for El Dorado: Dangers & Muisca,2022,0,2630,67,217372,,5.95566,8.09299,528,1,,,,,,,,
162359,Android: Netrunner – The Source,2014,0,2634,260,124742,,5.73298,8.18493,229,1,,,,,,,,
418470,Endeavor: Deep Sea Deluxe Edition,2024,0,2639,97,,432730;468808,6.41739,8.52561,1053,0,,,,,,,,
337115,Darwin's Journey: Falmouth Port Mini-Expansion,2023,0,2645,114,322289,,5.64731,7.67501,180,1,,,,,,,,
334767,It's a Wonderful World: Leisure & Decadence,2020,0,2660,111,271324,,5.82396,8.02294,354,1,,,,,,,,
213269,Android: Netrunner – Terminal Directive,2017,0,2675,225,124742,,5.74999,7.23028,396,1,,,,,,,,
209358,Dominion: Intrigue – Update Pack,2016,0,2676,116,40834,,5.95828,8.12931,509,1,,,,,,,,
153130,The Lord of the Rings: The Card Game – The Dunland Trap,2014,0,2688,164,77423,,5.73045,7.90586,261,1,,,,,,,,
426753,Ra: Traders,2025,0,2693,38,12,,5.80435,7.8985,346,1,,,,,,,,
401727,Final Girl: Hell to Pay,2025,0,2694,33,277659,,5.72778,8.35563,240,1,,,,,,,,
353864,Cartographers: Map Pack 5 – Kethra's Steppe: Redtooth & Goldbelly,2022,0,2703,51,263918,,5.74847,8.01938,275,1,,,,,,,,
353865,Cartographers: Map Pack 6 – Hornhelm: Wasteland Market,2022,0,2709,53,263918,,5.7453,7.93315,284,1,,,,,,,,
159073,Android: Netrunner – Up and Over,2014,0,2716,276,124742,,5.75311,8.233,250,1,,,,,,,,
394138,The Lord of the Rings: The Card Game – The Two Towers: Saga Expansion,2023,0,2747,72,77423,,5.75629,8.93679,224,1,,,,,,,,
38454,Ticket to Ride: The Dice Expansion,2008,0,2763,395,,,5.54119,5.69579,868,1,,,,,,,,
289405,Everdell: Glimmergold Pack,2019,0,2765,156,,297972;297973,6.01057,8.10253,619,1,,,,,,,,
157482,Android: Netrunner – First Contact,2014,0,2766,295,124742,,5.74892,8.17717,254,1,,,,,,,,
214005,The Castles of Burgundy: 8th Expansion – Trade Routes,2017,0,2768,486,84876,,5.96913,7.79707,593,1,,,,,,,,
162179,Hansa Teutonica: Britannia,2014,0,2773,350,43015,,6.11331,8.05651,736,1,,,,,,,,
231964,Orléans: 5th Player Box,2017,0,2773,239,164928,,5.86501,8.01641,413,1,,,,,,,,
135523,Kingdom Death: Monster – Sunstalker Expansion,2016,0,2774,132,55690,,5.7823,9.0031,258,1,,,,,,,,
245646,Champions of Midgard: Jarl Edition,2017,0,2776,231,172287,,6.21846,8.36679,806,1,,,,,,,,
332712,Darwin's Journey: Darwin Worker Mini-Expansion,2023,0,2778,141,322289,,5.66272,7.73701,200,1,,,,,,,,
446593,Marvel Champions: The Card Game – Winter Soldier Hero Pack,2025,0,2782,13,285774,,5.71103,8.45193,195,1,,,,,,,,
381715,Teotihuacan: City of Gods – Deluxe Master Set,2024,0,2786,112,,340392;341949;350462;270364;386071;293473,6.15942,8.41229,710,0,,,,,,,,
160683,Android: Netrunner – All That Remains,2014,0,2802,282,124742,,5.75498,8.19722,252,1,,,,,,,,
438671,Marvel Champions: The Card Game – Black Panther Hero Pack,2025,0,2806,11,285774,,5.67984,8.11921,186,1,,,,,,,,
369536,Dominion: Plunder,2022,0,2807,45,36218,,6.05799,8.38362,596,1,,,,,,,,
439508,Marvel Champions: The Card Game – Silk Hero Pack,2025,0,2822,14,285774,,5.68925,8.23647,189,1,,,,,,,,
164313,The Lord of the Rings: The Card Game – The Lost Realm,2015,0,2823,183,77423,,5.77238,8.22024,281,1,,,,,,,,
251229,Star Wars: Imperial Assault – Hondo Ohnaka Villain Pack,2018,0,2830,82,164153,,5.7024,8.1991,231,1,,,,,,,,
295594,Barkham Horror: The Card Game – The Meddling of Meowlathotep: Scenario Pack,2020,0,2844,153,205637,,5.78359,8.11185,308,1,,,,,,,,
349169,Terra Mystica: Automa Solo Box,2021,0,2847,188,120677,,5.84793,8.15189,369,1,,,,,,,,
397438,Barrage: Duel,2024,0,2858,83,251247,,5.89763,8.51627,358,1,,,,,,,,
353862,Cartographers: Map Pack 4 – Frozen Expanse: Realm of Frost Giants,2022,0,2859,64,263918,,5.78682,7.92178,332,1,,,,,,,,
349578,Too Many Bones: Rage of Tyranny,2023,0,2864,87,192135,,5.73654,8.70817,209,1,,,,,,,,
401724,Final Girl: The Killer from Tomorrow,2025,0,2868,42,277659,,5.71833,8.0815,254,1,,,,,,,,
156112,Android: Netrunner – The Spaces Between,2014,0,2881,300,124742,,5.7667,8.17426,272,1,,,,,,,,
251231,Star Wars: Imperial Assault – Thrawn Villain Pack,2018,0,2894,88,164153,,5.7402,8.32127,256,1,,,,,,,,
177163,The Lord of the Rings: The Card Game – The Land of Shadow,2015,0,2906,201,77423,,5.74137,8.27224,243,1,,,,,,,,
401729,Final Girl: The Falconwood Files,2025,0,2908,46,277659,,5.78269,8.41158,285,1,,,,,,,,
306920,Rajas of the Ganges: Goodie Box 2,2020,0,2913,137,220877,,5.77514,7.89283,326,1,,,,,,,,
131415,Eclipse: Pulsar,2012,0,2915,572,72125,,5.99919,7.67442,751,1,,,,,,,,
311545,Agricola: Dulcinaria Deck,2020,0,2920,127,200680,,5.76308,8.21296,270,1,,,,,,,,
251227,Star Wars: Imperial Assault – Ezra Bridger and Kanan Jarrus Ally Pack,2018,0,2941,81,164153,,5.72023,8.25709,244,1,,,,,,,,
135030,Kingdom Death: Monster – Flower Knight Expansion,2016,0,2942,138,55690,,5.8028,8.76933,300,1,,,,,,,,
251230,Star Wars: Imperial Assault – Sabine Wren and Zeb Orrelios Ally Pack,2018,0,2955,87,164153,,5.71832,8.26601,240,1,,,,,,,,
154544,Android: Netrunner – Upstalk,2014,0,2978,328,124742,,5.77368,8.16726,281,1,,,,,,,,
424487,Arkham Horror: The Card Game – The Midwinter Gala: Scenario Pack,2024,0,2979,31,205637,,5.68838,8.26466,191,1,,,,,,,,
357294,The Lord of the Rings: The Card Game – Revised Core: Riders of Rohan Starter Deck,2022,0,2979,126,77423,,5.78406,8.34675,307,1,,,,,,,,
357293,The Lord of the Rings: The Card Game – Revised Core: Defenders of Gondor Starter Deck,2022,0,2982,135,77423,,5.79589,8.48748,309,1,,,,,,,,
178866,Android: Netrunner – Data and Destiny,2015,0,2990,289,124742,,5.84191,8.43086,327,1,,,,,,,,
110926,The Castles of Burgundy: 1st Expansion – New Player Boards,2011,0,2995,487,84876,,6.15942,7.93179,897,1,,,,,,,,
171905,Orléans: Deluxe Edition,2015,0,3008,398,,,6.69487,8.33982,1726,0,,,,,,,,
366201,Carnegie: Departments and Donations Expansion,2022,0,3029,200,310873,,5.90187,8.31104,417,1,,,,,,,,
335320,Nemesis: Lockdown – Untold Stories #3,2021,0,3030,144,310100,,5.66902,8.23,190,1,,,,,,,,
359420,The Lord of the Rings: The Card Game – Angmar Awakened Hero Expansion,2022,0,3034,110,77423,,5.7963,8.58301,300,1,,,,,,,,
423519,Nucleum: Court of Progress,2024,0,3037,73,396790,,5.79828,8.01716,349,1,,,,,,,,
140917,The Lord of the Rings: The Card Game – The Morgul Vale,2013,0,3037,226,77423,,5.7771,7.98569,311,1,,,,,,,,
367272,Puerto Rico 1897,2022,0,3038,327,,12382;159761,6.19884,7.67897,1181,0,,,,,,,,
357291,The Lord of the Rings: The Card Game – Revised Core: Dwarves of Durin Starter Deck,2022,0,3038,140,77423,,5.83035,8.5019,338,1,,,,,,,,
311177,The 7th Continent: The Crystal's Song,2020,0,3043,337,180263,,5.76413,7.27719,452,1,,,,,,,,
206944,Russian Railroads: American Railroads,2016,0,3045,632,144733,,6.17881,7.98415,878,1,,,,,,,,
135179,Kingdom Death: Monster – Dung Beetle Knight Expansion,2016,0,3054,147,55690,,5.80906,9.02737,274,1,,,,,,,,
139413,The Lord of the Rings: The Card Game – The Blood of Gondor,2013,0,3056,226,77423,,5.76,7.79491,316,1,,,,,,,,
256676,The Gallerist: Scoring Expansion,2019,0,3082,263,125153,,5.77225,7.91149,322,1,,,,,,,,
190798,The North Sea Runesaga,2016,0,3092,277,170042,,5.73372,7.24328,384,1,,,,,,,,
211082,Orléans: Neue Ortskarten N°4,2016,0,3102,253,164928,,5.83003,7.7257,414,1,,,,,,,,
104139,The Lord of the Rings: The Card Game – The Massing at Osgiliath,2011,0,3102,369,77423,,5.91852,7.94023,508,1,,,,,,,,
359421,The Lord of the Rings: The Card Game – Angmar Awakened Campaign Expansion,2022,0,3108,112,77423,,5.81165,8.57693,318,1,,,,,,,,
347307,Dominion: Allies,2022,0,3110,56,36218,,6.0513,8.21325,624,1,,,,,,,,
137773,The Lord of the Rings: The Card Game – Assault on Osgiliath,2013,0,3112,237,77423,,5.7699,7.74811,343,1,,,,,,,,
358740,Terraforming Mars: Ares Expedition – Foundations,2023,0,3139,129,328871,,5.74632,7.52662,361,1,,,,,,,,
134946,The Lord of the Rings: The Card Game – Encounter at Amon Dîn,2013,0,3145,241,77423,,5.78969,7.85532,349,1,,,,,,,,
382509,Arkham Horror: The Card Game – The Circle Undone: Investigator Expansion,2023,0,3147,46,205637,,5.82626,8.76163,301,1,,,,,,,,
327244,Paladins of the West Kingdom: The Vassals Mini-Expansion,2021,0,3161,153,266810,,5.86062,8.07714,397,1,,,,,,,,
142131,Dominion: Big Box,2010,0,3176,290,,66098;66690,6.2165,7.93833,1083,0,,,,,,,,
133167,The Lord of the Rings: The Card Game – The Drúadan Forest,2013,0,3181,242,77423,,5.78893,7.78269,358,1,,,,,,,,
289559,"Clank! Legacy: Acquisitions Incorporated – The ""C"" Team Pack",2019,0,3194,157,266507,,5.81142,7.83898,421,1,,,,,,,,
447586,Clank!: Catacombs – Underworld,2025,0,3194,22,365717,,5.8695,8.23947,395,1,,,,,,,,
135036,Kingdom Death: Monster – Gorm Expansion,2016,0,3216,158,55690,,5.89782,8.95082,364,1,,,,,,,,
135034,Kingdom Death: Monster – Dragon King Expansion,2016,0,3220,157,55690,,5.88264,9.22067,329,1,,,,,,,,
164665,The Lord of the Rings: The Card Game – The Treason of Saruman,2015,0,3229,237,77423,,5.81619,8.33659,320,1,,,,,,,,
297528,Anachrony: Classic Expansion Pack,2020,0,3233,198,185343,,5.90018,8.39369,412,1,,,,,,,,
73833,Agricola: The Goodies Expansion,2010,0,3255,342,31260,,6.05536,7.43234,975,1,,,,,,,,
241827,Star Wars: Imperial Assault – Legends of the Alliance,2017,0,3273,141,164153,,6.19274,8.36586,840,1,,,,,,,,
184018,Orléans: Neue Ortskarten N°2,2015,0,3276,263,164928,,5.83699,7.57845,451,1,,,,,,,,
213437,Tyrants of the Underdark: Expansion Decks – Aberrations & Undead,2017,0,3283,264,189932,,6.19435,8.02592,945,1,,,,,,,,
185922,Orléans: Neue Ortskarten N°3,2015,0,3289,272,164928,,5.84559,7.62412,459,1,,,,,,,,
382510,Arkham Horror: The Card Game – The Circle Undone: Campaign Expansion,2023,0,3301,60,205637,,5.85041,8.42959,370,1,,,,,,,,
179255,Eclipse: Shadow of the Rift,2015,0,3312,497,72125,,6.23031,8.24997,913,1,,,,,,,,
357292,The Lord of the Rings: The Card Game – Revised Core – Elves of Lórien Starter Deck,2022,0,3335,154,77423,,5.8948,8.60973,393,1,,,,,,,,
203074,Star Realms: Promo Pack I,2016,0,3342,184,147020,,5.90011,7.75063,536,1,,,,,,,,
428511,Terraforming Mars: Utopia & Cimmeria,2024,0,3354,24,167791,,5.89259,8.46268,397,1,,,,,,,,
132020,The Lord of the Rings: The Card Game – The Steward's Fear,2013,0,3355,278,77423,,5.85025,7.99632,404,1,,,,,,,,
271144,Agricola: Corbarius Deck,2019,0,3363,171,200680,,5.83729,8.22891,358,1,,,,,,,,
83404,Hansa Teutonica: East Expansion,2010,0,3363,459,43015,,6.25671,8.07208,980,1,,,,,,,,
370264,Too Many Bones: Riffle,2022,0,3405,111,192135,,5.88602,8.64452,364,1,,,,,,,,
430260,Marvel Champions: The Card Game – Agents of S.H.I.E.L.D.,2025,0,3407,21,285774,,5.79297,8.4767,279,1,,,,,,,,
179417,Orléans: Neue Ortskarten N°1,2015,0,3429,292,164928,,5.86252,7.59822,493,1,,,,,,,,
270439,Race for the Galaxy: Expansion and Brinkmanship,2022,0,3433,179,28143,,6.02594,8.42812,543,1,,,,,,,,
428880,Arkham Horror: The Card Game – The Drowned City: Investigator Expansion,2025,0,3444,26,205637,,5.72224,8.73267,202,1,,,,,,,,
397437,Barrage: The Colorado Connection,2024,0,3453,72,251247,,5.78139,8.26508,277,1,,,,,,,,
85704,Agricola: Gamers' Deck,2010,0,3462,406,31260,,6.11159,7.78458,908,1,,,,,,,,
273938,Decrypto: Expansion #01 – Laserdrive,2019,0,3467,136,225694,,5.85513,7.48461,527,1,,,,,,,,
166589,The Castles of Burgundy: 5th Expansion – Pleasure Garden,2014,0,3469,578,84876,,6.10731,7.86729,809,1,,,,,,,,
378839,7 Wonders: Edifice,2023,0,3472,89,68448;316377,,5.84046,7.34096,589,1,,,,,,,,
209357,Dominion: Update Pack,2016,0,3472,162,36218,,6.05238,8.08113,667,1,,,,,,,,
231372,Star Realms: Command Deck – The Union,2018,0,3500,154,147020,,5.79581,7.60785,390,1,,,,,,,,
379786,Andromeda's Edge: Escalation,2024,0,3502,152,358661,,5.92353,8.55633,419,1,,,,,,,,
231370,Star Realms: Command Deck – The Coalition,2018,0,3513,160,147020,,5.80556,7.60039,406,1,,,,,,,,
286383,Rajas of the Ganges: Goodie Box 1,2019,0,3518,200,220877,,5.87862,7.83391,479,1,,,,,,,,
417417,Marvel Champions: The Card Game – Jubilee Hero Pack,2024,0,3528,29,285774,,5.70354,7.85347,245,1,,,,,,,,
231371,Star Realms: Command Deck – The Pact,2018,0,3531,159,147020,,5.80701,7.65203,395,1,,,,,,,,
283177,Concordia: Balearica / Cyprus,2019,0,3535,143,124361,,6.02059,8.26293,566,1,,,,,,,,
269734,Roll for the Galaxy: Rivalry,2019,0,3537,199,132531,,5.91652,7.61637,611,1,,,,,,,,
218254,Star Wars: Imperial Assault – BT-1 and 0-0-0 Villain Pack,2017,0,3537,131,164153,,5.75887,8.13149,304,1,,,,,,,,
231373,Star Realms: Command Deck – The Unity,2018,0,3558,160,147020,,5.80887,7.63811,403,1,,,,,,,,
146574,The Lord of the Rings: The Card Game – The Voice of Isengard,2014,0,3559,255,77423,,5.85237,8.03142,400,1,,,,,,,,
299441,Robinson Crusoe: Adventures on the Cursed Island – The Book of Adventures,2024,0,3565,116,121921,,5.85809,7.71502,478,1,,,,,,,,
149085,Android: Netrunner – Double Time,2014,0,3575,456,124742,,5.83677,8.14919,368,1,,,,,,,,
231376,Star Realms: Command Deck – The Alignment,2018,0,3579,161,147020,,5.80908,7.56499,421,1,,,,,,,,
231369,Star Realms: Command Deck – The Alliance,2018,0,3580,163,147020,,5.81476,7.62466,412,1,,,,,,,,
304453,Barrage: 5th Player Expansion,2020,0,3595,121,251247,,5.84289,7.82108,441,1,,,,,,,,
224182,Star Realms: Scenarios,2018,0,3598,160,147020,,5.85643,7.62878,498,1,,,,,,,,
463405,Heat: Legends,2026,0,3601,15,366013,,5.78398,8.16012,331,1,,,,,,,,
123122,Power Grid: Québec/Baden-Württemberg,2012,0,3606,159,2651,,5.99813,7.77415,671,1,,,,,,,,
316382,7 Wonders (Second Edition): Armada,2020,0,3611,130,316377,,6.05808,8.11538,721,1,,,,,,,,
218255,Star Wars: Imperial Assault – Hera Syndulla and C1-10P Ally Pack,2017,0,3622,134,164153,,5.76883,8.21013,312,1,,,,,,,,
147739,Android: Netrunner – Fear and Loathing,2014,0,3637,482,124742,,5.84367,8.1768,375,1,,,,,,,,
226836,Star Wars: Imperial Assault – Ahsoka Tano Ally Pack,2017,0,3645,145,164153,,5.78715,8.29823,323,1,,,,,,,,
255743,Trickerion: Dawn of Technology,2019,0,3647,212,163068,,5.92849,8.29232,452,1,,,,,,,,
274930,Aeon's End: Shattered Dreams,2019,0,3651,252,191189,,5.94846,8.40744,448,1,,,,,,,,
428879,Arkham Horror: The Card Game – The Drowned City: Campaign Expansion,2025,0,3666,31,205637,,5.70469,7.86198,263,1,,,,,,,,
391913,Clans of Caledonia: Industria,2025,0,3689,71,216132,,5.98859,8.05765,592,1,,,,,,,,
164314,Android: Netrunner – Order and Chaos,2015,0,3694,411,124742,,5.94606,8.37217,451,1,,,,,,,,
426008,Marvel Champions: The Card Game – Magneto Hero Pack,2024,0,3704,25,285774,,5.7823,8.44146,270,1,,,,,,,,
104746,Eclipse: Supernova,2011,0,3721,789,72125,,6.08559,7.46818,1064,1,,,,,,,,
327294,Arkham Horror: The Card Game – The Lair of Dagon: Mythos Pack,2021,0,3727,121,205637,,5.76435,8.34203,261,1,,,,,,,,
374971,Cthulhu: Death May Die – Ithaqua the Wind-Walker,2024,0,3728,66,253344,,5.81037,8.6228,310,1,,,,,,,,
328627,Arkham Horror: The Card Game – Into the Maelstrom: Mythos Pack,2021,0,3734,126,205637,,5.76309,8.34362,260,1,,,,,,,,
413236,Marvel Champions: The Card Game – Iceman Hero Pack,2024,0,3735,31,285774,,5.75538,8.11324,272,1,,,,,,,,
283595,Ticket to Ride Map Collection 6½: Poland,2019,0,3735,104,,,6.01127,7.42018,929,1,,,,,,,,
327293,Arkham Horror: The Card Game – A Light in the Fog: Mythos Pack,2021,0,3736,126,205637,,5.79655,8.52286,273,1,,,,,,,,
150083,The Castles of Burgundy: 4th Expansion – Monastery Boards,2013,0,3742,614,84876,,6.11415,7.78903,874,1,,,,,,,,
205902,Star Wars: Imperial Assault – Alliance Rangers Ally Pack,2017,0,3744,153,164153,,5.78192,8.07486,345,1,,,,,,,,
383173,The Elder Scrolls: Betrayal of the Second Era – Valenwood,2025,0,3750,119,350623,,5.95243,9.15077,388,1,,,,,,,,
406001,Terraforming Mars: Amazonis & Vastitas,2024,0,3758,31,167791,,5.9334,8.42971,452,1,,,,,,,,
274922,Aeon's End: The Ancients,2019,0,3761,259,191189,,5.99653,8.58473,472,1,,,,,,,,
216849,Dominion (Second Edition) Big Box,2016,0,3785,237,,209358;209357;209419,6.34682,8.18053,1232,0,,,,,,,,
377056,Arkham Horror: The Card Game – The Forgotten Age: Investigator Expansion,2023,0,3789,70,205637,,5.90543,8.71706,381,1,,,,,,,,
368767,The Lord of the Rings: The Card Game – The Fellowship of the Ring: Saga Expansion,2022,0,3793,1747,77423,,5.99115,8.86362,472,1,,,,,,,,
354817,Final Girl: Lore & Scenario Book – Series 1,2021,0,3794,174,277659,,5.78796,8.25067,325,1,,,,,,,,
257344,Agricola: Farmers of the Moor,2018,0,3796,259,200680,,6.11825,8.31635,708,1,,,,,,,,
422976,Marvel Champions: The Card Game – Nightcrawler Hero Pack,2024,0,3802,32,285774,,5.79377,8.35989,284,1,,,,,,,,
324765,Arkham Horror: The Card Game – Horror in High Gear: Mythos Pack,2021,0,3814,124,205637,,5.81928,8.49702,299,1,,,,,,,,
218253,Star Wars: Imperial Assault – Jawa Scavenger Villain Pack,2017,0,3826,154,164153,,5.77683,8.08419,336,1,,,,,,,,
132477,The Castles of Burgundy: 2nd Expansion – New Hex Tiles,2012,0,3842,628,84876,,6.12949,7.6508,978,1,,,,,,,,
318023,Arkham Horror: The Card Game – Devil Reef: Mythos Pack,2020,0,3849,131,205637,,5.81678,8.49131,298,1,,,,,,,,
161599,Race for the Galaxy: Xeno Invasion,2015,0,3857,251,28143,,6.17931,7.9117,947,1,,,,,,,,
274927,Aeon's End: Into the Wild,2019,0,3862,249,191189,,6.0321,8.509,527,1,,,,,,,,
428335,Root: The Homeland Expansion,2026,0,3866,22,237182,,5.95644,9.06344,387,1,,,,,,,,
247720,Agricola: Bubulcus Deck,2018,0,3868,237,200680,,5.90541,8.22283,449,1,,,,,,,,
226838,Star Wars: Imperial Assault – Maul Villain Pack,2017,0,3897,150,164153,,5.78407,8.2256,324,1,,,,,,,,
318022,Arkham Horror: The Card Game – In Too Deep: Mythos Pack,2020,0,3930,138,205637,,5.84977,8.60078,319,1,,,,,,,,
297471,Arkham Horror: The Card Game – Weaver of the Cosmos: Mythos Pack,2020,0,3933,154,205637,,5.8181,8.66441,281,1,,,,,,,,
293271,Arkham Horror: The Card Game – Point of No Return: Mythos Pack,2020,0,3934,154,205637,,5.77692,8.32971,276,1,,,,,,,,
462369,Viticulture: Bordeaux Expansion,2026,0,3940,16,183394,,6.03972,8.53173,546,1,,,,,,,,
297200,Arkham Horror: The Card Game – Where the Gods Dwell: Mythos Pack,2020,0,3951,159,205637,,5.79357,8.40256,285,1,,,,,,,,
146243,Android: Netrunner – True Colors,2013,0,3967,536,124742,,5.88062,8.15446,430,1,,,,,,,,
144640,Android: Netrunner – Mala Tempora,2013,0,3986,533,124742,,5.88247,8.14236,440,1,,,,,,,,
350753,The Lord of the Rings: The Card Game – The Dark of Mirkwood,2022,0,3998,193,77423,,5.92698,8.42542,455,1,,,,,,,,
147723,The Lord of the Rings: The Card Game – The Road Darkens,2014,0,3999,230,77423,,5.93319,8.37552,442,1,,,,,,,,
205903,Star Wars: Imperial Assault – Captain Terro Villain Pack,2017,0,4013,171,164153,,5.81066,8.10557,382,1,,,,,,,,
338476,Lorenzo il Magnifico: Big Box,2021,0,4021,348,,229123;329520,6.61848,8.36352,1556,0,,,,,,,,
299490,War of the Ring: Kings of Middle-earth,2023,0,4041,77,115746,,5.91857,8.66318,440,1,,,,,,,,
226837,Star Wars: Imperial Assault – Emperor Palpatine Villain Pack,2017,0,4043,163,164153,,5.80954,8.20199,352,1,,,,,,,,
291559,Arkham Horror: The Card Game – Dark Side of the Moon: Mythos Pack,2019,0,4049,162,205637,,5.80208,8.43226,296,1,,,,,,,,
318985,Puerto Rico,2020,0,4062,342,,12382;159761,6.45759,7.97065,1621,0,,,,,,,,
143694,Android: Netrunner – Second Thoughts,2013,0,4065,535,124742,,5.90839,8.10849,476,1,,,,,,,,
321238,Kanban EV: Upgrade Pack,2021,0,4093,289,284378,,5.97656,8.33255,501,1,,,,,,,,
288607,Arkham Horror: The Card Game – A Thousand Shapes of Horror: Mythos Pack,2019,0,4104,169,205637,,5.80864,8.40891,303,1,,,,,,,,
414974,Galactic Cruise: Advancements,2025,0,4138,109,391137,,5.85152,8.27593,351,1,,,,,,,,
391675,Marvel Champions: The Card Game – X-23 Hero Pack,2023,0,4140,60,285774,,5.85829,8.52101,345,1,,,,,,,,
194901,Star Wars: Imperial Assault – Agent Blaise Villain Pack,2016,0,4144,198,164153,,5.77777,7.95688,369,1,,,,,,,,
377055,Arkham Horror: The Card Game – The Forgotten Age: Campaign Expansion,2023,0,4146,77,205637,,5.99822,8.55917,508,1,,,,,,,,
286257,Arkham Horror: The Card Game – The Search for Kadath: Mythos Pack,2019,0,4148,164,205637,,5.84426,8.52416,327,1,,,,,,,,
199910,Star Wars: Imperial Assault – The Grand Inquisitor Villain Pack,2016,0,4192,189,164153,,5.82289,8.20593,388,1,,,,,,,,
358741,Terraforming Mars: Ares Expedition – Discovery · Foundations · Crisis,2023,0,4204,238,328871,,6.00635,8.01116,624,1,,,,,,,,
194902,Star Wars: Imperial Assault – ISB Infiltrators Villain Pack,2016,0,4210,205,164153,,5.80648,8.07839,386,1,,,,,,,,
296981,On Mars: Upgrade Pack,2020,0,4212,429,184267,,5.96565,8.10782,565,1,,,,,,,,
306151,Frosthaven: Solo Scenarios,2022,0,4249,203,295770,,5.73735,8.56886,228,1,,,,,,,,
147580,Power Grid: Australia & Indian Subcontinent,2013,0,4263,160,2651,,6.13169,7.92327,847,1,,,,,,,,
388330,Marvel Champions: The Card Game – Angel Hero Pack,2023,0,4276,56,285774,,5.83376,8.33006,339,1,,,,,,,,
262711,Concordia: Venus (Expansion),2018,0,4296,237,124361,,6.24305,8.29367,881,1,,,,,,,,
414976,Galactic Cruise: Accommodations,2025,0,4296,109,391137,,5.88036,8.42461,367,1,,,,,,,,
208502,Star Realms: United – Missions,2016,0,4315,210,147020,,5.85954,7.29634,619,1,,,,,,,,
297972,Everdell: Legends,2019,0,4322,322,199792,,6.24047,8.00331,1083,1,,,,,,,,
232945,The Voyages of Marco Polo: Agents of Venice,2017,0,4332,455,171623,,6.33341,7.87118,1322,1,,,,,,,,
234218,Agricola: Artifex Deck,2017,0,4359,291,200680,,6.0096,8.16546,594,1,,,,,,,,
208501,Star Realms: United – Command,2016,0,4364,200,147020,,5.96241,7.74754,641,1,,,,,,,,
358739,Terraforming Mars: Ares Expedition – Discovery,2023,0,4378,216,328871,,6.052,7.96148,719,1,,,,,,,,
297973,Everdell: Extra! Extra!,2019,0,4393,327,199792,,6.22947,7.94044,1104,1,,,,,,,,
386959,Marvel Champions: The Card Game – Psylocke Hero Pack,2023,0,4409,61,285774,,5.8363,8.29609,345,1,,,,,,,,
202247,Star Realms: United – Heroes,2016,0,4418,206,147020,,5.86076,7.28783,638,1,,,,,,,,
283862,Too Many Bones: Lab Rats,2020,0,4424,194,192135,,5.91129,8.49723,415,1,,,,,,,,
180621,Star Wars: Imperial Assault – Alliance Smuggler Ally Pack,2015,0,4426,224,164153,,5.7933,7.78699,407,1,,,,,,,,
208503,Star Realms: United – Assault,2016,0,4433,199,147020,,5.97456,7.77964,654,1,,,,,,,,
281285,Too Many Bones: Splice & Dice,2020,0,4447,222,192135,,6.02543,8.42992,581,1,,,,,,,,
142727,Android: Netrunner – Opening Moves,2013,0,4463,634,124742,,5.98155,8.22246,552,1,,,,,,,,
199911,Star Wars: Imperial Assault – Greedo Villain Pack,2016,0,4469,207,164153,,5.81711,8.087,407,1,,,,,,,,
279645,Unmatched: Bruce Lee,2019,0,4507,484,294484,,6.52185,8.38682,1506,1,,,,,,,,
366469,Barrage: The Nile Affair Expansion,2022,0,4530,113,251247,,5.96671,8.17523,535,1,,,,,,,,
275532,Clank! Legacy: Acquisitions Incorporated – Upper Management Pack,2019,0,4538,266,266507,,5.97501,7.72362,719,1,,,,,,,,
398891,Arkham Horror: The Card Game – The Feast of Hemlock Vale: Investigator Expansion,2024,0,4545,54,205637,,5.85774,8.71098,337,1,,,,,,,,
316777,Teotihuacan: Expansion Period,2021,0,4557,393,229853,,6.07086,8.19752,670,1,,,,,,,,
181693,Russian Railroads: German Railroads,2015,0,4559,828,144733,,6.73912,8.20917,1980,1,,,,,,,,
372720,Arkham Horror: The Card Game – Fortune and Folly: Scenario Pack,2023,0,4560,74,205637,,5.8343,8.55665,331,1,,,,,,,,
358738,Terraforming Mars: Ares Expedition – Crisis,2023,0,4565,245,328871,,6.04804,7.87083,761,1,,,,,,,,
194900,Star Wars: Imperial Assault – Bossk Villain Pack,2016,0,4581,214,164153,,5.8452,8.12568,427,1,,,,,,,,
181690,Star Wars: Imperial Assault – Echo Base Troopers Ally Pack,2015,0,4582,229,164153,,5.8154,7.86821,431,1,,,,,,,,
408223,Nucleum: Australia,2024,0,4586,166,396790,,6.15142,8.36181,735,1,,,,,,,,
298055,Dominion: Menagerie,2020,0,4589,131,36218,,6.36852,8.27454,1131,1,,,,,,,,
117929,The Lord of the Rings: The Card Game – The Long Dark,2012,0,4589,478,77423,,5.92011,7.57287,636,1,,,,,,,,
286265,Clank! In! Space!: Cyber Station 11,2019,0,4600,317,233371,,6.20082,8.1667,898,1,,,,,,,,
385685,Revive: Call of the Abyss,2023,0,4610,155,332772,,6.20281,8.30669,815,1,,,,,,,,
181629,Star Wars: Imperial Assault – General Sorin Villain Pack,2015,0,4612,247,164153,,5.79894,7.79135,422,1,,,,,,,,
367925,The Lord of the Rings: Journeys in Middle-Earth – Scourges of the Wastes Figure Pack,2022,0,4618,120,269385,,5.89935,8.39677,464,1,,,,,,,,
121900,The Lord of the Rings: The Card Game – Shadow and Flame,2012,0,4629,484,77423,,5.99649,7.92378,639,1,,,,,,,,
405724,Marvel Champions: The Card Game – Age of Apocalypse,2024,0,4634,54,285774,,5.94756,8.60497,433,1,,,,,,,,
119640,The Lord of the Rings: The Card Game – Foundations of Stone,2012,0,4654,488,77423,,6.06726,8.11963,679,1,,,,,,,,
316378,7 Wonders (Second Edition): Cities,2020,0,4667,146,316377,,6.20436,8.04544,998,1,,,,,,,,
205904,Star Wars: Imperial Assault – Jabba the Hutt Villain Pack,2017,0,4670,197,164153,,5.84686,8.10676,427,1,,,,,,,,
286574,Anachrony: Future Imperfect,2020,0,4676,272,185343,,5.99248,8.57068,486,1,,,,,,,,
319274,Cartographers: Map Pack 3 – Undercity: Depths of Sabek,2021,0,4693,175,263918,,5.92937,7.82117,575,1,,,,,,,,
365448,Darwin's Journey: Fireland Expansion,2023,0,4697,267,322289,,6.2369,8.23837,892,1,,,,,,,,
338013,Maracaibo: The Uprising,2021,0,4698,380,276025,,6.2,8.25773,819,1,,,,,,,,
144485,Xia: Legends of a Drift System – Sellsword,2014,0,4702,343,82222,,6.05261,7.8562,790,1,,,,,,,,
272752,Arkham Horror: The Card Game – In The Clutches of Chaos: Mythos Pack,2019,0,4709,193,205637,,5.87659,8.41886,387,1,,,,,,,,
276291,Arkham Horror: The Card Game – Before the Black Throne: Mythos Pack,2019,0,4718,199,205637,,5.87738,8.44154,384,1,,,,,,,,
152314,Android: Netrunner – Honor and Profit,2014,0,4725,591,124742,,6.04244,8.29341,607,1,,,,,,,,
374590,Cthulhu: Death May Die – Season 4 Expansion,2024,0,4727,96,253344,,6.0099,8.93065,470,1,,,,,,,,
340235,ISS Vanguard: Deadly Frontier,2024,0,4734,326,325494,,5.71563,8.52767,215,1,,,,,,,,
194903,Star Wars: Imperial Assault – Lando Calrissian Ally Pack,2016,0,4741,229,164153,,5.82672,8.1069,406,1,,,,,,,,
129480,The Lord of the Rings: The Card Game – Heirs of Númenor,2012,0,4769,452,77423,,6.0186,7.8974,698,1,,,,,,,,
401763,Final Girl: The North Pole Nightmare,2023,0,4778,99,277659,,5.99145,8.30213,550,1,,,,,,,,
271056,Arkham Horror: The Card Game – Union and Disillusion: Mythos Pack,2019,0,4784,199,205637,,5.87794,8.35951,400,1,,,,,,,,
180622,Star Wars: Imperial Assault – Bantha Rider Villain Pack,2015,0,4786,240,164153,,5.87534,8.11883,472,1,,,,,,,,
181688,Star Wars: Imperial Assault – Dengar Villain Pack,2015,0,4808,239,164153,,5.83287,7.80468,470,1,,,,,,,,
459763,Heat: Rocky Roads,2026,0,4810,13,366013,,5.91318,8.25385,466,1,,,,,,,,
372544,Wonderland's War: Shards of Madness,2023,0,4814,155,227935,,5.88559,8.11747,443,1,,,,,,,,
246805,Aeon's End: Buried Secrets,2019,0,4815,384,191189,,6.06208,8.28258,620,1,,,,,,,,
244358,Trickerion: Dahlgaard's Academy,2019,0,4820,333,163068,,6.24631,8.52857,803,1,,,,,,,,
177088,Star Wars: Imperial Assault – Stormtroopers Villain Pack,2015,0,4821,264,164153,,5.82277,7.74686,470,1,,,,,,,,
112064,The Lord of the Rings: The Card Game – Road to Rivendell,2012,0,4825,518,77423,,5.96589,7.57595,723,1,,,,,,,,
267974,Arkham Horror: The Card Game – For the Greater Good: Mythos Pack,2019,0,4842,194,205637,,5.89315,8.43406,404,1,,,,,,,,
319273,Cartographers: Map Pack 2 – Affril: Plane of Knowledge,2021,0,4857,190,263918,,5.95406,7.81551,612,1,,,,,,,,
283861,Too Many Bones: Dart,2020,0,4868,211,192135,,5.97675,8.4712,500,1,,,,,,,,
114351,The Lord of the Rings: The Card Game – The Watcher in the Water,2012,0,4869,520,77423,,6.03842,7.86145,730,1,,,,,,,,
142875,The Lord of the Rings: The Card Game – The Black Riders,2013,0,4902,530,77423,,6.12662,8.31899,705,1,,,,,,,,
266377,Arkham Horror: The Card Game – The Wages of Sin: Mythos Pack,2019,0,4904,205,205637,,5.86489,8.13016,424,1,,,,,,,,
65996,Le Havre: Le Grand Hameau,2010,0,4918,717,35677,,6.2911,7.8141,1253,1,,,,,,,,
130715,The Lord of the Rings: The Card Game – The Hobbit: On the Doorstep,2013,0,4942,502,77423,,6.0438,8.0026,692,1,,,,,,,,
110193,The Lord of the Rings: The Card Game – The Redhorn Gate,2012,0,4942,547,77423,,6.00508,7.75831,714,1,,,,,,,,
316380,7 Wonders (Second Edition): Leaders,2020,0,4943,161,316377,,6.34037,8.2054,1159,1,,,,,,,,
398039,Marvel Champions: The Card Game – Deadpool Hero Pack,2023,0,4955,75,285774,,5.86035,8.1425,414,1,,,,,,,,
359451,Great Western Trail: Second Edition – Rails To The North,2022,0,4958,249,341169,,6.42655,8.61781,1062,1,,,,,,,,
264459,Arkham Horror: The Card Game – The Secret Name: Mythos Pack,2019,0,4964,203,205637,,5.89622,8.26895,433,1,,,,,,,,
319272,Cartographers: Map Pack 1 – Nebblis: Plane of Flame,2021,0,4978,182,263918,,6.01934,7.97302,666,1,,,,,,,,
205905,Star Wars: Imperial Assault – Luke Skywalker Jedi Knight Ally Pack,2017,0,4992,223,164153,,5.87077,8.19741,448,1,,,,,,,,
231168,7 Wonders: Cities Anniversary Pack,2017,0,4994,351,68448,,6.14331,7.75978,965,1,,,,,,,,
177086,Star Wars: Imperial Assault – Wookiee Warriors Ally Pack,2015,0,5008,265,164153,,5.85663,7.94008,477,1,,,,,,,,
378291,Beyond the Sun: Leaders of the New Dawn,2023,0,5015,291,317985,,6.07722,7.77921,827,1,,,,,,,,
177087,Star Wars: Imperial Assault – Hired Guns Villain Pack,2015,0,5019,270,164153,,5.84606,7.83888,478,1,,,,,,,,
398893,Arkham Horror: The Card Game – The Feast of Hemlock Vale: Campaign Expansion,2024,0,5023,66,205637,,6.01652,8.75566,488,1,,,,,,,,
343468,Viscounts of the West Kingdom: Gates of Gold,2022,0,5034,177,296151,,6.00792,8.02472,632,1,,,,,,,,
347147,Arkham Horror: The Card Game – Machinations Through Time: Scenario Pack,2022,0,5038,107,205637,,5.81054,8.12438,363,1,,,,,,,,
199909,Star Wars: Imperial Assault – Obi-Wan Kenobi Ally Pack,2016,0,5048,252,164153,,5.88647,8.21386,469,1,,,,,,,,
333025,Arkham Horror: The Card Game – Return to the Circle Undone,2021,0,5054,134,205637,,5.85294,8.54113,361,1,,,,,,,,
319420,Everdell: Pearlbrook – Collector's Edition,2019,0,5058,373,,259996,6.2038,7.86142,1101,1,,,,,,,,
343470,Viscounts of the West Kingdom: Keeper of Keys,2022,0,5074,170,296151,,6.01729,7.96802,658,1,,,,,,,,
229123,Lorenzo il Magnifico: Houses of Renaissance,2017,0,5078,535,203993,,6.58804,8.20415,1607,1,,,,,,,,
131184,Power Grid: Northern Europe/United Kingdom & Ireland,2012,0,5108,243,2651,,6.26212,7.87947,1133,1,,,,,,,,
310118,Nemesis: Untold Stories #2,2019,0,5129,265,167355,,5.77385,8.21269,321,1,,,,,,,,
374986,Marvel Champions: The Card Game – Rogue Hero Pack,2023,0,5147,121,285774,,5.86469,8.14518,413,1,,,,,,,,
395612,Terraforming Mars: Automa,2024,0,5161,77,167791,,6.04987,8.44595,607,1,,,,,,,,
397067,Obsession: Characters Expansion,2024,0,5205,93,231733,,6.00941,8.37437,532,1,,,,,,,,
319419,Everdell: Spirecrest – Collector's Edition,2020,0,5214,357,,289056,6.37944,8.36496,1147,1,,,,,,,,
251066,Star Wars: Imperial Assault – Tyrants of Lothal,2018,0,5222,173,164153,,5.95181,8.53391,488,1,,,,,,,,
324656,War Chest: Siege,2021,0,5242,240,249259,,6.20896,8.161,911,1,,,,,,,,
354824,Final Girl: Terror from the Grave,2023,0,5243,207,277659,,5.85998,8.01873,461,1,,,,,,,,
321101,Arkham Horror: The Card Game – War of the Outer Gods: Scenario Pack,2020,0,5254,135,205637,,5.86455,8.35868,409,1,,,,,,,,
393509,Planet Unknown: Supermoon,2025,0,5257,140,258779,,5.87057,7.62579,519,1,,,,,,,,
231167,7 Wonders: Leaders Anniversary Pack,2017,0,5275,380,68448,,6.20294,7.83138,1049,1,,,,,,,,
137863,Android: Netrunner – Future Proof,2013,0,5305,856,124742,,6.07719,8.19032,711,1,,,,,,,,
136147,Android: Netrunner – Humanity's Shadow,2013,0,5309,831,124742,,6.07192,8.15915,716,1,,,,,,,,
175214,Star Wars: Imperial Assault – Kayn Somos Villain Pack,2015,0,5328,331,164153,,5.87961,7.80036,542,1,,,,,,,,
200090,Legendary Encounters: An Alien Deck Building Game Expansion,2016,0,5362,357,146652,,6.39019,8.29927,1207,1,,,,,,,,
372718,Marvel Champions: The Card Game – Gambit Hero Pack,2023,0,5373,130,285774,,5.96134,8.3397,493,1,,,,,,,,
358213,Arkham Horror: The Card Game – The Path to Carcosa: Investigator Expansion,2022,0,5384,133,205637,,6.11583,8.80551,617,1,,,,,,,,
401114,Terraforming Mars: Milestones & Awards,2024,0,5410,48,167791,,6.06632,8.42021,606,1,,,,,,,,
304337,Robinson Crusoe: Adventures on the Cursed Island – Treasure Chest,2020,0,5422,216,121921,,6.04032,8.05767,695,1,,,,,,,,
135103,Android: Netrunner – A Study in Static,2013,0,5442,869,124742,,6.07906,8.06724,765,1,,,,,,,,
368736,Marvel Champions: The Card Game – MojoMania Scenario Pack,2022,0,5442,131,285774,,6.03421,8.4898,539,1,,,,,,,,
278241,On Mars: Alien Invasion,2022,0,5471,344,184267,,5.88272,7.917,510,1,,,,,,,,
361485,Marvel Champions: The Card Game – SP//dr Hero Pack,2022,0,5480,146,285774,,5.96448,8.30191,507,1,,,,,,,,
396802,Gaia Project: The Lost Fleet,2024,0,5496,77,220308,,6.55545,8.90084,1134,1,,,,,,,,
366645,Marvel Champions: The Card Game – Phoenix Hero Pack,2022,0,5505,134,285774,,5.94118,8.1593,511,1,,,,,,,,
370237,Marvel Champions: The Card Game – Storm Hero Pack,2022,0,5535,138,285774,,5.99082,8.38679,511,1,,,,,,,,
302213,Arkham Horror: The Card Game – Return to the Forgotten Age,2020,0,5544,170,205637,,5.9242,8.57525,424,1,,,,,,,,
356075,Marvel Champions: The Card Game – Nova Hero Pack,2022,0,5557,148,285774,,5.92488,8.08467,499,1,,,,,,,,
257240,Arkham Horror: The Card Game – Shattered Aeons: Mythos Pack,2018,0,5571,257,205637,,5.91355,8.25481,457,1,,,,,,,,
360060,Marvel Champions: The Card Game – Spider-Ham Hero Pack,2022,0,5592,150,285774,,5.95454,8.1521,534,1,,,,,,,,
179025,Star Realms: Cosmic Gambit Set,2015,0,5602,346,147020,,5.98678,7.24144,978,1,,,,,,,,
453406,Wyrmspan: Dragon Academy,2025,0,5654,32,410201,,6.11512,8.39238,724,1,,,,,,,,
255900,Arkham Horror: The Card Game – The Depths of Yoth: Mythos Pack,2018,0,5668,261,205637,,5.95749,8.39622,489,1,,,,,,,,
308592,Arkham Horror: The Card Game – The Innsmouth Conspiracy: Expansion,2020,0,5677,207,205637,,6.12092,8.64923,619,1,,,,,,,,
374250,Hegemony: Lead Your Class to Victory – Crisis & Control,2023,0,5699,315,321608,,6.13698,8.42217,706,1,,,,,,,,
254122,Arkham Horror: The Card Game – The City of Archives: Mythos Pack,2018,0,5736,267,205637,,5.96,8.23172,523,1,,,,,,,,
357957,Marvel Champions: The Card Game – Ironheart Hero Pack,2022,0,5743,153,285774,,6.03457,8.42035,563,1,,,,,,,,
251733,Arkham Horror: The Card Game – Heart of the Elders: Mythos Pack,2018,0,5748,274,205637,,5.92176,8.02041,525,1,,,,,,,,
383818,Marvel Champions: The Card Game – NeXt Evolution,2023,0,5811,92,285774,,6.07951,8.61113,593,1,,,,,,,,
365913,Marvel Champions: The Card Game – Cyclops Hero Pack,2022,0,5817,155,285774,,6.00841,8.2997,562,1,,,,,,,,
366213,Arkham Horror: The Card Game – The Scarlet Keys: Investigator Expansion,2022,0,5834,113,205637,,5.98726,8.59763,507,1,,,,,,,,
281541,Arkham Horror: The Card Game – The Dream-Eaters: Expansion,2019,0,5844,240,205637,,6.08524,8.5352,610,1,,,,,,,,
249772,Arkham Horror: The Card Game – The Boundary Beyond: Mythos Pack,2018,0,5852,271,205637,,5.93183,8.01567,540,1,,,,,,,,
181689,Star Wars: Imperial Assault – Leia Organa Ally Pack,2015,0,5859,324,164153,,5.92064,8.02091,553,1,,,,,,,,
95802,Twilight Imperium: Third Edition – Shards of the Throne,2011,0,5860,1018,12493,,7.02275,8.6006,2466,1,,,,,,,,
280885,Terra Mystica: Merchants of the Seas,2019,0,5862,471,120677,,6.34761,8.15469,1167,1,,,,,,,,
176130,Mage Knight Board Game: Shades of Tezla Expansion,2015,0,5879,536,96848,,6.3113,8.0354,1222,1,,,,,,,,
293473,Teotihuacan: Shadow of Xitle,2020,0,5880,566,229853,,6.27883,8.10083,1070,1,,,,,,,,
345587,Marvel Champions: The Card Game – Valkyrie Hero Pack,2021,0,5889,171,285774,,5.81797,7.31397,544,1,,,,,,,,
340234,ISS Vanguard: Personnel Files,2022,0,5975,483,325494,,6.04254,8.1769,661,1,,,,,,,,
422869,Clank!: Catacombs – Lairs and Lost Chambers,2024,0,6001,71,365717,,6.316,8.27921,1061,1,,,,,,,,
247718,Arkham Horror: The Card Game – Threads of Fate: Mythos Pack,2018,0,6002,290,205637,,6.04391,8.53298,557,1,,,,,,,,
92932,Race for the Galaxy: Alien Artifacts,2013,0,6020,465,28143,,6.36675,7.54079,1824,1,,,,,,,,
133500,Android: Netrunner – Cyber Exodus,2013,0,6027,1027,124742,,6.16628,8.16409,871,1,,,,,,,,
226441,Fields of Arle: Tea & Trade,2017,0,6046,475,159675,,6.54455,8.4298,1340,1,,,,,,,,
351611,Hegemony: Lead Your Class to Victory – Historical Events,2023,0,6056,338,321608,,5.98617,8.23196,562,1,,,,,,,,
12382,Puerto Rico: Expansion I – New Buildings,2004,0,6070,853,3076,,6.5747,7.54509,2777,1,,,,,,,,
132005,Android: Netrunner – Trace Amount,2013,0,6092,1053,124742,,6.17538,8.12572,908,1,,,,,,,,
279196,Arkham Horror: The Card Game – Return to the Path to Carcosa,2019,0,6096,218,205637,,5.99416,8.55302,527,1,,,,,,,,
366215,Arkham Horror: The Card Game – The Scarlet Keys: Campaign Expansion,2022,0,6142,135,205637,,6.0065,8.07967,659,1,,,,,,,,
167883,Star Wars: Imperial Assault – General Weiss Villain Pack,2015,0,6260,445,164153,,5.99759,7.93922,717,1,,,,,,,,
342671,Marvel Champions: The Card Game – War Machine Hero Pack,2021,0,6309,217,285774,,6.03331,8.064,650,1,,,,,,,,
167888,Star Wars: Imperial Assault – Rebel Saboteurs Ally Pack,2015,0,6309,453,164153,,5.99005,7.86361,706,1,,,,,,,,
163572,Keyflower: The Merchants,2014,0,6334,679,122515,,6.27302,8.04926,1039,1,,,,,,,,
340233,ISS Vanguard: The Lost Fleet,2023,0,6335,532,325494,,5.77817,8.10279,340,1,,,,,,,,
192779,Istanbul: Letters & Seals,2016,0,6349,469,148949,,6.38874,7.73402,1624,1,,,,,,,,
257673,Dominion: Renaissance,2018,0,6370,176,36218,,6.59022,8.27728,1624,1,,,,,,,,
232452,Dominion: Nocturne,2017,0,6379,211,36218,,6.43907,7.8665,1704,1,,,,,,,,
349955,The Quacks of Quedlinburg: MegaBox,2021,0,6418,204,,269259;316597,6.64671,8.23574,1850,0,,,,,,,,
334483,Root: The Clockwork Expansion 2,2022,0,6455,293,237182,,5.9683,7.99844,597,1,,,,,,,,
78727,Power Grid: Russia & Japan,2010,0,6463,324,2651,,6.47012,7.88448,1649,1,,,,,,,,
358212,Arkham Horror: The Card Game – The Path to Carcosa: Campaign Expansion,2022,0,6526,187,205637,,6.43822,8.94745,991,1,,,,,,,,
347812,Marvel Champions: The Card Game – The Vision Hero Pack,2022,0,6535,201,285774,,5.99695,7.98284,631,1,,,,,,,,
167887,Star Wars: Imperial Assault – Rebel Troopers Ally Pack,2015,0,6535,459,164153,,5.98991,7.8143,729,1,,,,,,,,
280714,Arkham Horror: The Card Game – The Blob That Ate Everything: Scenario Pack,2019,0,6590,211,205637,,6.05074,8.45908,609,1,,,,,,,,
298752,It's a Wonderful World: War or Peace,2020,0,6592,472,271324,,6.25992,7.74172,1258,1,,,,,,,,
325490,Concordia: Solitaria,2021,0,6596,431,124361,,6.46834,8.27175,1286,1,,,,,,,,
123695,The Lord of the Rings: The Card Game – The Hobbit: Over Hill and Under Hill,2012,0,6597,849,77423,,6.23036,7.84452,1127,1,,,,,,,,
284444,War Chest: Nobility,2019,0,6599,405,249259,,6.46918,8.24542,1366,1,,,,,,,,
244564,Xia: Missions and Powers,2018,0,6599,443,82222,,6.45113,8.43886,1200,1,,,,,,,,
310177,Final Girl: Terror From Above,2021,0,6603,319,277659,,5.88854,7.85985,561,1,,,,,,,,
369039,Marvel Champions: The Card Game – Wolverine Hero Pack,2022,0,6625,198,285774,,6.19702,8.60068,718,1,,,,,,,,
282426,Clank! Expeditions: Temple of the Ape Lords,2019,0,6635,405,201808,,6.44674,8.03963,1495,1,,,,,,,,
139596,Android: Netrunner – Creation and Control,2013,0,6653,996,124742,,6.28662,8.21605,1081,1,,,,,,,,
343017,Marvel Champions: The Card Game – The Hood Scenario Pack,2021,0,6672,214,285774,,6.05954,8.13529,690,1,,,,,,,,
172659,Trickerion: Dahlgaard's Gifts,2015,0,6679,897,163068,,6.41198,8.15395,1261,1,,,,,,,,
347148,Arkham Horror: The Card Game – The Dunwich Legacy: Investigator Expansion,2022,0,6695,241,205637,,6.28717,8.67979,888,1,,,,,,,,
209419,Dominion: Intrigue (Second Edition),2016,0,6762,372,36218,,6.66868,8.12007,2076,1,,,,,,,,
340900,Marvel Champions: The Card Game – Nebula Hero Pack,2021,0,6779,220,285774,,5.97225,7.87736,632,1,,,,,,,,
275277,Nemesis: Untold Stories #1,2019,0,6795,394,167355,,5.9989,8.15193,637,1,,,,,,,,
206547,Mansions of Madness: Second Edition – Recurring Nightmares: Figure and Tile Collection,2016,0,6813,508,205059,,6.44149,8.15588,1488,1,,,,,,,,
415843,Puerto Rico 1897: Special Edition,2025,0,6815,79,,12382;159761,6.98194,8.66076,2315,0,,,,,,,,
100092,The Lord of the Rings: The Card Game – The Dead Marshes,2011,0,6862,947,77423,,6.10772,7.42099,1147,1,,,,,,,,
130806,Android: Netrunner – What Lies Ahead,2012,0,6871,1226,124742,,6.2495,8.11695,1068,1,,,,,,,,
252899,Arkham Horror: The Card Game – Guardians of the Abyss: Scenario Pack,2018,0,6893,273,205637,,6.00982,8.14933,649,1,,,,,,,,
102875,The Lord of the Rings: The Card Game – Return to Mirkwood,2011,0,6919,935,77423,,6.18183,7.67025,1129,1,,,,,,,,
199310,Five Tribes: The Thieves of Naqala,2016,0,6924,512,157354,,6.13693,7.23111,1457,1,,,,,,,,
98634,The Lord of the Rings: The Card Game – The Hills of Emyn Muil,2011,0,6928,1008,77423,,6.06095,7.17414,1245,1,,,,,,,,
58708,Power Grid: Brazil/Spain & Portugal,2009,0,6929,427,2651,,6.50238,7.86867,1769,1,,,,,,,,
354779,Final Girl: Madness in the Dark,2023,0,6942,278,277659,,6.22614,8.31143,910,1,,,,,,,,
354778,Final Girl: Once Upon a Full Moon,2023,0,6950,267,277659,,6.17198,8.13875,914,1,,,,,,,,
167884,Star Wars: Imperial Assault – Royal Guard Champion Villain Pack,2015,0,6953,489,164153,,6.0402,7.93108,782,1,,,,,,,,
206548,Mansions of Madness: Second Edition – Suppressed Memories: Figure and Tile Collection,2016,0,6955,513,205059,,6.43706,8.13479,1476,1,,,,,,,,
461932,Wingspan: Americas Expansion,2026,0,6955,28,266192;366161,,6.31538,8.46167,989,1,,,,,,,,
208364,Concordia: Gallia / Corsica,2016,0,6967,390,124361,,6.4685,8.21173,1327,1,,,,,,,,
280833,Through the Ages: New Leaders and Wonders,2020,0,6968,481,182028,,6.97649,8.88766,1914,1,,,,,,,,
239330,Arkham Horror: The Card Game – Black Stars Rise: Mythos Pack,2018,0,6979,381,205637,,6.154,8.48561,715,1,,,,,,,,
261526,Food Chain Magnate: The Ketchup Mechanism & Other Ideas,2019,0,6985,431,175914,,6.63268,8.78477,1308,1,,,,,,,,
242088,Arkham Horror: The Card Game – Dim Carcosa: Mythos Pack,2018,0,6996,373,205637,,6.13959,8.49013,693,1,,,,,,,,
262754,Arkham Horror: The Card Game – The Circle Undone: Expansion,2019,0,7039,299,205637,,6.20361,8.35951,836,1,,,,,,,,
108667,Power Grid: The Robots,2011,0,7072,710,2651,,6.04586,7.06318,1310,1,,,,,,,,
141648,Battlestar Galactica: The Board Game – Daybreak Expansion,2013,0,7073,538,37111,,6.77261,8.2696,2166,1,,,,,,,,
254470,Clank! In! Space!: Apocalypse!,2018,0,7082,666,233371,,6.53442,8.05439,1712,1,,,,,,,,
167885,Star Wars: Imperial Assault – IG-88 Villain Pack,2015,0,7092,517,164153,,6.08177,7.91728,854,1,,,,,,,,
232917,Concordia: Aegyptus / Creta,2017,0,7116,367,124361,,6.53808,8.25368,1436,1,,,,,,,,
226839,Star Wars: Imperial Assault – Heart of the Empire,2017,0,7120,269,164153,,6.14393,8.51198,762,1,,,,,,,,
237234,Arkham Horror: The Card Game – The Pallid Mask: Mythos Pack,2018,0,7121,388,205637,,6.16953,8.54973,713,1,,,,,,,,
175213,Star Wars: Imperial Assault – Boba Fett Villain Pack,2015,0,7121,460,164153,,6.1006,8.18965,795,1,,,,,,,,
89848,Ticket to Ride: Alvin & Dexter,2011,0,7150,534,,,5.91184,6.50469,1775,1,,,,,,,,
175212,Star Wars: Imperial Assault – R2-D2 and C-3PO Ally Pack,2015,0,7162,478,164153,,6.0462,8.00643,759,1,,,,,,,,
233977,Arkham Horror: The Card Game – The Labyrinths of Lunacy: Scenario Pack,2017,0,7195,336,205637,,5.8986,7.78444,597,1,,,,,,,,
255588,Inis: Seasons of Inis,2019,0,7232,567,155821,,6.56208,8.16573,1676,1,,,,,,,,
237497,The 7th Continent: The Flying Roots,2019,0,7242,801,180263,,5.95177,7.85574,610,1,,,,,,,,
186381,The 7th Continent: Fear the Devourers,2017,0,7304,793,180263,,5.947,7.85444,611,1,,,,,,,,
272077,Anachrony: Fractures of Time,2020,0,7305,483,185343,,6.63356,8.83485,1304,1,,,,,,,,
239290,Too Many Bones: Gasket,2018,0,7315,442,192135,,6.41366,8.78643,991,1,,,,,,,,
144058,Keyflower: The Farmers,2013,0,7326,808,122515,,6.31675,7.82766,1316,1,,,,,,,,
305512,Arkham Horror: The Card Game – Harvey Walters: Investigator Starter Deck,2020,0,7357,211,205637,,6.06947,8.35832,668,1,,,,,,,,
235542,Arkham Horror: The Card Game – A Phantom of Truth: Mythos Pack,2017,0,7368,412,205637,,6.14366,8.35648,749,1,,,,,,,,
354777,Final Girl: A Knock at the Door,2023,0,7384,277,277659,,6.32694,8.50576,1008,1,,,,,,,,
363709,Marvel Champions: The Card Game – Mutant Genesis,2022,0,7407,207,285774,,6.28554,8.61342,860,1,,,,,,,,
305513,Arkham Horror: The Card Game – Winifred Habbamock: Investigator Starter Deck,2020,0,7463,221,205637,,6.10095,8.47307,689,1,,,,,,,,
361193,Root: Underworld Hirelings Pack,2022,0,7471,180,237182,,6.16424,8.28473,836,1,,,,,,,,
30746,Ticket to Ride: Switzerland,2007,0,7471,990,,,6.8112,7.47776,5092,1,,,,,,,,
305517,Arkham Horror: The Card Game – Jacqueline Fine: Investigator Starter Deck,2020,0,7515,227,205637,,6.12823,8.56537,692,1,,,,,,,,
305509,Arkham Horror: The Card Game – Nathaniel Cho: Investigator Starter Deck,2020,0,7518,220,205637,,6.14775,8.48456,738,1,,,,,,,,
333748,Marvel Champions: The Card Game – Drax Hero Pack,2021,0,7526,299,285774,,6.05159,7.9328,742,1,,,,,,,,
144763,Mage Knight Board Game: Krang Character Expansion,2013,0,7550,860,96848,,6.57501,8.08635,1781,1,,,,,,,,
230510,Arkham Horror: The Card Game – The Unspeakable Oath: Mythos Pack,2017,0,7571,420,205637,,6.21861,8.45329,821,1,,,,,,,,
98113,The Lord of the Rings: The Card Game – A Journey to Rhosgobel,2011,0,7578,1177,77423,,6.18845,7.42165,1381,1,,,,,,,,
228552,Aeon's End: The Outer Dark,2017,0,7585,585,191189,,6.49569,8.42755,1284,1,,,,,,,,
245932,Caverna: The Forgotten Folk,2018,0,7590,510,102794,,6.5972,8.21752,1659,1,,,,,,,,
267408,Tainted Grail: The Fall of Avalon – Red Death Expansion,2020,0,7597,603,264220,,5.85906,8.3918,451,1,,,,,,,,
305518,Arkham Horror: The Card Game – Stella Clark: Investigator Starter Deck,2020,0,7611,230,205637,,6.1426,8.54455,718,1,,,,,,,,
260311,Arkham Horror: The Card Game – Return to the Dunwich Legacy,2018,0,7615,319,205637,,6.08912,8.28783,722,1,,,,,,,,
256377,Nemesis: Aftermath & Void Seeders,2019,0,7626,563,,318351;313790,6.28544,8.43334,992,1,,,,,,,,
373600,Cthulhu: Death May Die – Fear of the Unknown,2024,779,7662,230,,,6.78693,8.69865,1804,0,,,,,,,71,
165023,Concordia: Britannia / Germania,2014,0,7663,455,124361,,6.61368,8.08751,1812,1,,,,,,,,
185743,The 7th Continent: Path of Repentance,2017,0,7677,881,180263,,5.9875,8.07628,610,1,,,,,,,,
313441,Undaunted: Reinforcements,2021,0,7677,543,268864,,6.4773,8.16012,1517,1,,,,,,,,
226868,Gloomhaven: Solo Scenarios,2017,0,7688,836,174430,,6.33768,8.36777,1082,1,,,,,,,,
319422,Everdell: Collector's Edition,2018,0,7696,573,,297972;297973,7.02241,8.4881,2726,0,,,,,,,,
223914,Aeon's End: The Void,2017,0,7707,607,191189,,6.49074,8.41541,1276,1,,,,,,,,
204650,Alchemists: The King's Golem,2016,0,7709,624,161970,,6.56148,8.3626,1518,1,,,,,,,,
186987,The 7th Continent: Facing the Elements,2017,0,7723,867,180263,,6.00271,7.96145,663,1,,,,,,,,
236854,The 7th Continent: Comfort Creatures,2019,0,7726,932,180263,,6.05044,8.10073,681,1,,,,,,,,
155873,Power Grid Deluxe: Europe/North America,2014,402,7755,843,,344428;344429,7.09284,7.93682,4671,0,,,,,,217,,
236930,Eldritch Horror: Masks of Nyarlathotep,2018,0,7777,243,146021,,6.38797,8.21617,1383,1,,,,,,,,
224898,Too Many Bones: Tink,2017,0,7789,511,192135,,6.32195,8.54265,957,1,,,,,,,,
228778,Arkham Horror: The Card Game – Echoes of the Past: Mythos Pack,2017,0,7796,457,205637,,6.15581,8.13846,848,1,,,,,,,,
342189,The Lord of the Rings: Journeys in Middle-Earth – Spreading War Expansion,2021,0,7854,226,269385,,6.37872,8.66531,1093,1,,,,,,,,
347149,Arkham Horror: The Card Game – The Dunwich Legacy: Campaign Expansion,2022,0,7862,307,205637,,6.51273,8.51571,1346,1,,,,,,,,
316630,The Lord of the Rings: Journeys in Middle-earth – Dwellers in Darkness Figure Pack,2020,0,7936,371,269385,,6.23628,8.1785,1099,1,,,,,,,,
171908,El Grande Big Box,2015,0,7958,979,,597;3146;370;5754;27759,7.10156,8.18331,3608,0,,,,,,,,
95338,The Lord of the Rings: The Card Game – Conflict at the Carrock,2011,0,8001,1282,77423,,6.33671,7.66838,1561,1,,,,,,,,
296152,The West Kingdom Tomesaga,2020,0,8028,418,266810;236457;296151,,6.01981,7.5918,854,1,,,,,,,,
239291,Too Many Bones: Age of Tyranny,2018,0,8031,481,192135,,6.37733,8.57099,1062,1,,,,,,,,
333154,Marvel Champions: The Card Game – Gamora Hero Pack,2021,0,8050,326,285774,,6.21518,8.21719,888,1,,,,,,,,
239292,Too Many Bones: 40 Days in Daelore,2018,0,8064,484,192135,,6.5055,8.77259,1153,1,,,,,,,,
318351,Nemesis: Aftermath,2021,0,8093,363,167355,,6.29666,8.3677,1069,1,,,,,,,,
233891,Ticket to Ride Map Collection 6: France & Old West,2017,0,8099,286,,,6.50163,7.57987,2305,1,,,,,,,,
256985,Cthulhu: Death May Die – Yog–Sothoth,2019,0,8109,391,253344,,6.38699,8.44397,1172,1,,,,,,,,
354776,Final Girl: Panic at Station 2891,2023,0,8174,325,277659,,6.35551,8.35183,1117,1,,,,,,,,
327245,Architects of the West Kingdom: Works of Wonder,2022,0,8185,298,236457,,6.34558,7.99998,1288,1,,,,,,,,
244145,Arkham Horror: The Card Game – Return to the Night of the Zealot,2018,0,8199,437,205637,,6.17792,8.02388,1001,1,,,,,,,,
317980,Paladins of the West Kingdom: City of Crowns,2021,0,8227,367,266810,,6.4165,8.15807,1330,1,,,,,,,,
340036,Arkham Horror: The Card Game – Edge of the Earth: Investigator Expansion,2021,0,8285,239,205637,,6.22872,8.64263,809,1,,,,,,,,
194897,Star Wars: Imperial Assault – The Bespin Gambit,2016,0,8297,353,164153,,6.23747,8.28111,1001,1,,,,,,,,
307687,Final Girl: Slaughter in the Groves,2021,0,8299,502,277659,,6.10299,7.63386,1041,1,,,,,,,,
320780,Grand Austria Hotel: Let's Waltz!,2021,0,8347,279,182874,,6.65063,8.3547,1646,1,,,,,,,,
184904,The 7th Continent: Swamp of Madness,2017,0,8358,1151,180263,,6.01169,8.166,609,1,,,,,,,,
330615,Marvel Champions: The Card Game – Star-Lord Hero Pack,2021,0,8363,337,285774,,6.12048,7.95394,861,1,,,,,,,,
167886,Star Wars: Imperial Assault – Chewbacca Ally Pack,2015,0,8383,628,164153,,6.15998,8.01256,974,1,,,,,,,,
94288,The Lord of the Rings: The Card Game – The Hunt for Gollum,2011,0,8431,1430,77423,,6.25204,7.33238,1750,1,,,,,,,,
238391,Robinson Crusoe: Adventures on the Cursed Island – Mystery Tales,2019,0,8460,517,121921,,6.12596,7.86203,984,1,,,,,,,,
270364,Teotihuacan: Late Preclassic Period,2019,0,8496,836,229853,,6.63984,8.16582,1853,1,,,,,,,,
313790,Nemesis: Void Seeders,2021,0,8530,422,167355,,6.25043,8.27068,1059,1,,,,,,,,
354775,Final Girl: Into the Void,2023,0,8543,365,277659,,6.44561,8.42346,1221,1,,,,,,,,
335739,Marvel Champions: The Card Game – Venom Hero Pack,2021,0,8574,338,285774,,6.24837,8.24469,948,1,,,,,,,,
107933,The Lord of the Rings: The Card Game – Khazad-dûm,2011,0,8609,1099,77423,,6.47438,7.93873,1667,1,,,,,,,,
167889,Star Wars: Imperial Assault – Han Solo Ally Pack,2015,0,8650,669,164153,,6.17441,8.01351,1001,1,,,,,,,,
438231,Forest Shuffle: Exploration,2025,0,8657,78,391163,,6.26191,7.74003,1280,1,,,,,,,,
426978,Ark Nova: Zoo Map Pack 2,2024,0,8664,102,342942,,6.55916,8.56296,1297,1,,,,,,,,
334485,Root: Riverfolk Hirelings Pack,2022,0,8674,245,237182,,6.28535,8.33877,1015,1,,,,,,,,
218791,Anachrony: Exosuit Commander Pack,2017,0,8707,833,185343,,6.83862,8.53749,1946,1,,,,,,,,
257276,Clank! Expeditions: Gold and Silk,2018,0,8712,627,201808,,6.59435,7.99776,1986,1,,,,,,,,
284354,Arkham Horror: The Card Game – Murder at the Excelsior Hotel: Scenario Pack,2019,0,8794,321,205637,,6.44034,8.55081,1144,1,,,,,,,,
256988,Cthulhu: Death May Die – Black Goat of the Woods,2019,0,8807,384,253344,,6.45776,8.53033,1254,1,,,,,,,,
316696,Marvel Champions: The Card Game – Wasp Hero Pack,2021,0,8844,395,285774,,6.13408,7.84914,949,1,,,,,,,,
245815,Arkham Horror: The Card Game – The Forgotten Age: Expansion,2018,0,8853,452,205637,,6.4146,8.34224,1219,1,,,,,,,,
224897,Too Many Bones: Nugget,2017,0,8893,614,192135,,6.55954,8.72145,1260,1,,,,,,,,
358854,Parks: Wildlife,2022,0,8963,418,266524,,6.44365,7.95519,1551,1,,,,,,,,
387809,Terraforming Mars: Prelude 2,2024,0,8967,77,167791,,6.5398,8.45906,1383,1,,,,,,,,
332397,Everdell: Mistwood,2022,0,9008,348,199792,,6.25586,7.98521,1124,1,,,,,,,,
226828,Five Tribes: Whims of the Sultan,2017,0,9017,415,157354,,6.52684,7.95365,1804,1,,,,,,,,
347813,Marvel Champions: The Card Game – Sinister Motives,2022,0,9029,332,285774,,6.47074,8.66162,1138,1,,,,,,,,
22821,Twilight Imperium: Third Edition – Shattered Empire,2006,0,9041,1650,12493,,7.45737,8.53847,4712,1,,,,,,,,
37397,Power Grid: China/Korea,2008,0,9070,596,2651,,6.88733,7.99987,3008,1,,,,,,,,
450429,The Lord of the Rings: Duel for Middle-Earth – Allies,2025,0,9077,62,421006,,6.28276,8.1601,1093,1,,,,,,,,
288679,Ticket to Ride Map Collection 7: Japan & Italy,2019,0,9081,243,,,6.72409,7.86348,2768,1,,,,,,,,
223782,Rising Sun: Dynasty Invasion,2018,0,9118,780,205896,,6.52578,8.20343,1582,1,,,,,,,,
334486,Root: Landmarks Pack,2022,0,9124,269,237182,,6.24767,7.96278,1144,1,,,,,,,,
340035,Arkham Horror: The Card Game – Edge of the Earth: Campaign Expansion,2021,0,9125,290,205637,,6.4126,8.54818,1143,1,,,,,,,,
356080,The Elder Scrolls: Betrayal of the Second Era,2025,152,9183,333,,,7.45766,8.9257,4141,0,,,,,,,13,
107576,Stone Age: The Expansion,2011,0,9225,816,34635,,6.56142,7.37307,3305,1,,,,,,,,
19319,Power Grid: France/Italy,2005,0,9245,639,2651,,6.87881,7.90564,3241,1,,,,,,,,
127061,Troyes: The Ladies of Troyes,2012,0,9290,1042,73439,,6.68402,7.96949,2256,1,,,,,,,,
426129,Dune: Imperium – Bloodlines,2025,0,9308,98,397598,,6.82865,8.69365,1917,1,,,,,,,,
308918,Clank!: Adventuring Party,2020,0,9347,386,201808,,6.73248,8.18108,2172,1,,,,,,,,
192951,Dominion: Empires,2016,0,9398,415,36218,,6.98487,8.34432,2784,1,,,,,,,,
316694,Marvel Champions: The Card Game – Quicksilver Hero Pack,2021,0,9404,428,285774,,6.36311,8.3407,1097,1,,,,,,,,
196421,Aeon's End: The Depths,2016,0,9456,904,191189,,6.62102,8.28778,1699,1,,,,,,,,
212139,Aeon's End: The Nameless,2017,0,9472,851,191189,,6.64578,8.34122,1697,1,,,,,,,,
166704,Star Realms: Crisis – Fleets & Fortresses,2014,0,9497,718,147020,,6.50881,7.68512,2143,1,,,,,,,,
224899,Too Many Bones: Ghillie,2017,0,9504,658,192135,,6.68896,8.76279,1453,1,,,,,,,,
205900,Star Wars: Imperial Assault – Jabba's Realm,2017,0,9516,418,164153,,6.43467,8.52659,1214,1,,,,,,,,
298851,It's a Wonderful World: Corruption & Ascension,2020,0,9544,584,271324,,6.70258,8.12121,2087,1,,,,,,,,
246431,The Quest for El Dorado: Heroes & Hexes,2018,0,9583,548,217372,,6.56067,7.74384,2218,1,,,,,,,,
287670,Sleeping Gods: Dungeons,2021,0,9609,924,255984,,6.20992,8.21799,919,1,,,,,,,,
184186,The 7th Continent: The Forbidden Sanctuary,2017,0,9666,1264,180263,,6.08671,8.17976,727,1,,,,,,,,
340375,Res Arcana: Perlae Imperii,2021,0,9678,489,262712,,6.78581,8.30194,2108,1,,,,,,,,
356510,Spirit Island: Feather & Flame,2022,0,9719,172,162886,,6.92892,8.9874,1813,1,,,,,,,,
166707,Star Realms: Crisis – Events,2014,0,9762,752,147020,,6.26681,7.13741,2277,1,,,,,,,,
307684,Final Girl: The Haunting of Creech Manor,2021,0,9781,567,277659,,6.30986,7.80406,1457,1,,,,,,,,
224653,Rising Sun: Monster Pack,2018,0,9820,1015,205896,,6.55871,8.1241,1737,1,,,,,,,,
183660,The 7th Continent: The Icy Maze,2017,0,9837,1278,180263,,6.05512,7.9076,774,1,,,,,,,,
360226,Viticulture World: Cooperative Expansion,2022,0,9847,432,183394,,6.4453,7.61953,1968,1,,,,,,,,
125898,Eclipse: Rise of the Ancients,2012,0,9850,1684,72125,,7.23983,8.39013,3841,1,,,,,,,,
363757,Arcs: The Blighted Reach Expansion,2024,0,9855,337,359871,,7.01951,8.86013,2262,1,,,,,,,,
277721,The Lord of the Rings: Journeys in Middle-earth – Villains of Eriador Figure Pack,2019,0,9876,638,269385,,6.41415,7.96879,1689,1,,,,,,,,
137166,Dominion: Guilds,2013,0,9895,617,36218,,6.82441,7.84845,3275,1,,,,,,,,
364011,Great Western Trail: Argentina,2022,197,9899,985,,,7.36449,8.19507,5643,0,,,,,,108,,
166708,Star Realms: Crisis – Heroes,2014,0,9900,755,147020,,6.22095,7.03009,2238,1,,,,,,,,
85905,Battlestar Galactica: The Board Game – Exodus Expansion,2010,0,9906,823,37111,,7.07333,8.11881,3882,1,,,,,,,,
263711,Barrage: The Leeghwater Project,2019,0,9919,632,251247,,6.81466,8.31642,2167,1,,,,,,,,
209686,Eldritch Horror: The Dreamlands,2017,0,9921,357,146021,,6.68555,8.45543,1905,1,,,,,,,,
439816,Lost Ruins of Arnak: Twisted Paths,2025,0,9929,51,312484,,6.65759,8.73591,1447,1,,,,,,,,
219787,Champions of Midgard: The Dark Mountains,2017,0,9990,883,172287,,6.83376,7.8658,3188,1,,,,,,,,
202453,Targi: The Expansion,2016,0,10028,507,118048,,6.60362,8.08318,1826,1,,,,,,,,
445048,SETI: Space Agencies,2025,0,10029,56,418059,,7.00101,8.84961,2072,1,,,,,,,,
339711,Marvel Champions: The Card Game – The Mad Titan's Shadow,2021,0,10040,388,285774,,6.46673,8.51232,1212,1,,,,,,,,
166702,Star Realms: Crisis – Bases & Battleships,2014,0,10052,742,147020,,6.55882,7.6912,2354,1,,,,,,,,
314028,Marvel Champions: The Card Game – The Once and Future Kang Scenario Pack,2020,0,10059,492,285774,,6.37809,8.31738,1167,1,,,,,,,,
158957,Star Realms: Gambit Set,2014,0,10062,769,147020,,6.31318,7.21224,2301,1,,,,,,,,
25031,Power Grid: Benelux/Central Europe,2006,0,10070,735,2651,,6.96305,8.00755,3401,1,,,,,,,,
294306,Marvel Champions: The Card Game – The Wrecking Crew Scenario Pack,2020,0,10138,611,285774,,6.1724,7.52284,1311,1,,,,,,,,
307686,Final Girl: Carnage at the Carnival,2021,0,10151,617,277659,,6.35908,7.98139,1401,1,,,,,,,,
315895,Twilight Imperium: Fourth Edition – Prophecy of Kings,2020,0,10170,320,233078,,7.54902,9.17902,3411,1,,,,,,,,
315981,Marvel Champions: The Card Game – Ant-Man Hero Pack,2020,0,10208,501,285774,,6.47091,8.34184,1308,1,,,,,,,,
66121,Race for the Galaxy: The Brink of War,2010,0,10212,893,28143,,6.85477,7.75824,3725,1,,,,,,,,
316695,Marvel Champions: The Card Game – Scarlet Witch Hero Pack,2021,0,10238,467,285774,,6.42188,8.33432,1205,1,,,,,,,,
336276,Root: Marauder Hirelings Pack & Hireling Box,2022,0,10247,313,237182,,6.46296,8.45601,1253,1,,,,,,,,
224479,Rising Sun: Kami Unbound,2018,0,10270,1063,205896,,6.48471,7.98008,1728,1,,,,,,,,
172505,Istanbul: Mocha & Baksheesh,2015,0,10295,1029,148949,,6.88024,7.87997,3406,1,,,,,,,,
199329,Xia: Embers of a Forsaken Star,2017,0,10346,797,82222,,7.22045,8.71038,3000,1,,,,,,,,
108687,Puerto Rico,2011,0,10404,1168,,12382;159761,7.47771,8.30344,6153,0,,,,,,,,
215510,Arkham Horror: The Card Game – Carnevale of Horrors: Scenario Pack,2016,0,10408,754,205637,,6.41808,8.19324,1376,1,,,,,,,,
179404,War of the Ring: Warriors of Middle-earth,2016,0,10463,458,115746,,6.54124,8.3053,1645,1,,,,,,,,
147938,Ticket to Ride Map Collection 4: Nederland,2013,0,10488,537,,,6.53089,7.35102,3131,1,,,,,,,,
279304,Scythe: Modular Board,2019,0,10536,447,169786,,6.65023,8.24624,1893,1,,,,,,,,
210164,Raiders of the North Sea: Fields of Fame,2018,0,10581,741,170042,,6.86167,8.01833,2880,1,,,,,,,,
221725,Arkham Horror: The Card Game – Where Doom Awaits: Mythos Pack,2017,0,10678,800,205637,,6.35623,8.08187,1283,1,,,,,,,,
224363,Arkham Horror: The Card Game – Lost in Time and Space: Mythos Pack,2017,0,10698,803,205637,,6.39175,8.26861,1206,1,,,,,,,,
303708,Marvel Champions: The Card Game – Hulk Hero Pack,2020,0,10742,607,285774,,6.13111,7.27564,1439,1,,,,,,,,
209728,Arkham Horror: The Card Game – Curse of the Rougarou: Scenario Pack,2016,0,10779,786,205637,,6.33971,7.83538,1507,1,,,,,,,,
283094,Mansions of Madness: Second Edition – Path of the Serpent: Expansion,2019,0,10792,365,205059,,6.64814,8.51586,1699,1,,,,,,,,
168703,Pandemic: State of Emergency,2015,0,10807,465,30549,,6.38499,7.56265,2027,1,,,,,,,,
400602,Civolution,2024,160,10875,566,,,7.42928,8.18131,6465,0,,,,,,94,,
247315,7 Wonders: Armada,2018,0,10924,614,68448,,6.80659,7.96226,2952,1,,,,,,,,
245392,Obsession: Wessex Expansion,2018,0,10930,686,231733,,6.71785,8.32011,1870,1,,,,,,,,
315896,Marvel Champions: The Card Game – The Galaxy's Most Wanted,2021,0,10948,517,285774,,6.30157,7.76428,1449,1,,,,,,,,
219054,Arkham Horror: The Card Game – Undimensioned and Unseen: Mythos Pack,2017,0,11000,848,205637,,6.33021,7.9049,1369,1,,,,,,,,
419279,Arcs: Leaders & Lore Pack,2024,0,11095,404,359871,,6.68196,8.55064,1608,1,,,,,,,,
358661,Andromeda's Edge,2024,165,11145,644,,429653,7.41772,8.23774,6485,0,,,,,,100,,
436904,Heat: Tunnel Vision,2025,0,11229,87,366013,,6.50281,8.22243,1522,1,,,,,,,,
235802,Too Many Bones: Undertow,2018,166,11250,945,,,7.41648,8.64751,4135,0,,,,,,80,16,
131188,Ticket to Ride Map Collection 3: The Heart of Africa,2012,0,11297,677,,,6.59145,7.35786,3621,1,,,,,,,,
299597,The Lord of the Rings: Journeys in Middle-earth – Shadowed Paths Expansion,2020,0,11331,525,269385,,6.83259,8.6043,2162,1,,,,,,,,
144722,Robinson Crusoe: Adventures on the Cursed Island – Voyage of the Beagle (Vol. 1),2013,0,11344,1441,121921,,6.63818,8.08641,1999,1,,,,,,,,
181621,Star Wars: Imperial Assault – Return to Hoth,2015,0,11359,573,164153,,6.59004,8.41344,1615,1,,,,,,,,
245377,Clank!: The Mummy's Curse,2018,0,11366,838,201808,,6.76033,7.8586,2965,1,,,,,,,,
220913,Eldritch Horror: Cities in Ruin,2017,0,11397,435,146021,,6.84766,8.49354,2293,1,,,,,,,,
291432,Marvel Champions: The Card Game – Ms. Marvel Hero Pack,2019,0,11433,731,285774,,6.38291,7.87962,1540,1,,,,,,,,
365137,Spirit Island: Nature Incarnate,2023,0,11438,128,162886,,7.26482,9.32533,2197,1,,,,,,,,
219788,Champions of Midgard: Valhalla,2017,0,11492,1056,172287,,7.28918,8.38205,4014,1,,,,,,,,
420321,The White Castle: Matcha,2024,0,11494,208,371942,,6.91817,8.3699,2511,1,,,,,,,,
216556,Arkham Horror: The Card Game – Blood on the Altar: Mythos Pack,2017,0,11519,921,205637,,6.50189,8.21901,1490,1,,,,,,,,
276104,Underwater Cities: New Discoveries,2019,0,11558,712,247763,,7.12328,8.44715,2981,1,,,,,,,,
383179,Age of Innovation,2023,56,11598,698,,,7.75201,8.43125,8788,0,,,,,,30,,
347102,Star Wars: Outer Rim – Unfinished Business,2022,0,11618,393,271896,,7.09972,8.56588,2865,1,,,,,,,,
256972,Cthulhu: Death May Die – Season 2 Expansion,2019,0,11639,527,253344,,6.79665,8.67477,1883,1,,,,,,,,
310175,Final Girl: Frightmare on Maple Lane,2021,0,11694,688,277659,,6.62501,8.23682,1822,1,,,,,,,,
175211,Star Wars: Imperial Assault – Twin Shadows,2015,0,11724,677,164153,,6.53038,8.21778,1685,1,,,,,,,,
240980,Blood on the Clocktower,2022,66,11776,461,,,7.72085,8.33325,12145,0,,,,,1,51,,
391137,Galactic Cruise,2025,109,11793,461,,,7.57628,8.29189,7804,0,,,,,,62,,
171915,Dominion: Adventures,2015,0,11810,555,36218,,6.9983,8.10082,3488,1,,,,,,,,
295782,Marvel Champions: The Card Game – Thor Hero Pack,2020,0,11836,732,285774,,6.35202,7.70489,1621,1,,,,,,,,
299049,Marvel Champions: The Card Game – Black Widow Hero Pack,2020,0,11889,700,285774,,6.50075,8.07984,1624,1,,,,,,,,
279067,"Obsession: Upstairs, Downstairs",2020,0,11897,636,231733,,6.96038,8.58339,2234,1,,,,,,,,
274795,Tainted Grail: Age of Legends & Last Knight Campaigns,2020,0,11963,1258,264220,,6.27636,8.28589,1088,1,,,,,,,,
294345,Azul: Crystal Mosaic,2020,0,12056,494,230802,,6.36508,7.25828,2452,1,,,,,,,,
210163,Raiders of the North Sea: Hall of Heroes,2018,0,12132,895,170042,,7.11202,8.20434,3595,1,,,,,,,,
212734,Arkham Horror: The Card Game – The Essex County Express: Mythos Pack,2017,0,12134,959,205637,,6.63406,8.32393,1716,1,,,,,,,,
29416,Power Grid: The New Power Plants – Set 1,2007,0,12139,955,2651,,6.87991,7.79413,3666,1,,,,,,,,
332390,Everdell: Newleaf,2022,0,12147,381,199792,,6.98616,8.50905,2533,1,,,,,,,,
283766,Sleeping Gods: Tides of Ruin,2021,0,12205,1161,255984,,6.4931,8.52018,1256,1,,,,,,,,
189932,Tyrants of the Underdark,2016,167,12318,1163,,,7.41626,7.90926,10965,0,,,,,,122,,
423177,Sky Team: Turbulence,2024,0,12344,134,373106,,6.46238,8.49046,1192,1,,,,,,,,
181817,Eldritch Horror: Under the Pyramids,2015,0,12415,565,146021,,6.90792,8.39736,2693,1,,,,,,,,
380607,Great Western Trail: New Zealand,2023,73,12421,693,,,7.69085,8.44921,7299,0,,,,,,35,,
245744,Great Western Trail: Rails to the North,2018,0,12422,1602,193738,,7.32431,8.41244,4078,1,,,,,,,,
300878,Marvel Champions: The Card Game – Doctor Strange Hero Pack,2020,0,12423,787,285774,,6.79774,8.49502,1935,1,,,,,,,,
245845,Nemesis: Carnomorphs,2019,0,12425,641,167355,,6.58975,8.48737,1597,1,,,,,,,,
197586,Eldritch Horror: Signs of Carcosa,2016,0,12464,602,146021,,6.86882,8.34227,2648,1,,,,,,,,
285235,Architects of the West Kingdom: Age of Artisans,2020,0,12570,648,236457,,6.84896,8.04575,2853,1,,,,,,,,
256916,Concordia Venus,2018,104,12728,922,,,7.59172,8.25319,7765,0,,,,,,57,,
210025,Arkham Horror: The Card Game – The Miskatonic Museum: Mythos Pack,2017,0,12793,1054,205637,,6.55295,8.05103,1822,1,,,,,,,,
175754,Roll for the Galaxy: Ambition,2015,0,12815,1247,132531,,7.07326,8.07801,3758,1,,,,,,,,
225563,Arkham Horror: The Card Game – The Path to Carcosa: Expansion,2017,0,12841,809,205637,,6.96085,8.7058,2142,1,,,,,,,,
271055,Dwellings of Eldervale,2020,128,13031,1581,,,7.51877,8.10064,9682,0,,,,,,76,,
255823,Mansions of Madness: Second Edition – Horrific Journeys: Expansion,2018,0,13149,478,205059,,6.90106,8.58444,2250,1,,,,,,,,
122328,War of the Ring: Lords of Middle-earth,2012,0,13160,722,115746,,7.03228,8.67004,2522,1,,,,,,,,
251661,Oathsworn: Into the Deepwood,2022,64,13162,1175,,,7.72481,8.74911,7002,0,,,,,,,9,
130704,Mage Knight Board Game: The Lost Legion Expansion,2012,0,13228,1603,96848,,7.46915,8.77246,3882,1,,,,,,,,
368158,Ark Nova: Zoo Map Pack 1,2022,0,13348,359,342942,,6.82802,8.21557,2347,1,,,,,,,,
288794,Marvel Champions: The Card Game – The Green Goblin Scenario Pack,2019,0,13372,926,285774,,6.72033,8.33964,1942,1,,,,,,,,
424129,Forest Shuffle: Woodland Edge,2024,0,13478,189,391163,,6.83404,8.1054,2620,1,,,,,,,,
248929,Viticulture: Visit from the Rhine Valley,2018,0,13478,687,183394,,6.90067,8.21845,2647,1,,,,,,,,
288168,Res Arcana: Lux et Tenebrae,2019,0,13561,967,262712,,7.05464,8.17729,3477,1,,,,,,,,
289222,Marvel Champions: The Card Game – Captain America Hero Pack,2019,0,13566,948,285774,,6.85304,8.42222,2204,1,,,,,,,,
337627,Voidfall,2023,81,13595,962,,,7.663,8.4962,7301,0,,,,,,44,,
193823,Viticulture: Moor Visitors Expansion,2016,0,13715,827,183394,,6.80619,7.98939,2747,1,,,,,,,,
359609,Arkham Horror: The Card Game (Revised Core Set),2021,105,13730,862,,,7.58583,8.56482,5947,0,,1,,,,,18,
332398,Everdell: The Complete Collection,2022,0,13807,600,,289057;297972;297973;332397;332390;259996;289056,7.51888,8.76176,4352,0,,,,,,,,
183682,Orléans: Invasion,2015,0,13858,1211,164928,,7.17628,8.2389,3787,1,,,,,,,,
251219,Istanbul: Big Box,2018,0,13915,977,,192779;172505,7.17206,7.9913,5225,0,,,,,,,,
55690,Kingdom Death: Monster,2015,95,13948,1052,,,7.61364,8.4738,10496,0,,,,,,,21,
175640,Vinhos: Deluxe Edition,2016,156,13988,1618,,,7.4456,8.04616,8088,0,,,,,,96,,
161317,Terra Mystica: Fire & Ice,2014,0,14044,1463,120677,,7.37429,8.40051,4572,1,,,,,,,,
43539,Battlestar Galactica: The Board Game – Pegasus Expansion,2009,0,14115,1288,37111,,7.15236,7.88225,6086,1,,,,,,,,
174801,Blood Rage: Gods of Ásgard,2015,0,14152,1120,170216,,6.64854,7.64612,3033,1,,,,,,,,
175155,Forbidden Stars,2015,158,14189,2064,,,7.43644,7.98263,10098,0,,,,,,112,,
241533,Mansions of Madness: Second Edition – Sanctum of Twilight: Expansion,2018,0,14287,593,205059,,6.83163,8.37849,2390,1,,,,,,,,
4098,Age of Steam,2002,138,14332,1964,,,7.49584,7.87531,12841,0,,,,,,91,,
175100,Blood Rage: Mystics of Midgard,2015,0,14373,1055,170216,,6.82987,7.88797,3242,1,,,,,,,,
43015,Hansa Teutonica,2009,147,14385,2415,,286749,7.473,7.75257,17493,0,,,,,,105,,
204814,Orléans: Trade & Intrigue,2016,0,14395,1197,164928,,7.277,8.37969,3877,1,,,,,,,,
174506,Blood Rage: 5th Player Expansion,2015,0,14520,1028,170216,,6.94717,8.07384,3356,1,,,,,,,,
396790,Nucleum,2023,130,14573,1034,,,7.51015,8.1118,8792,0,,,,,,75,,
306430,Marvel Champions: The Card Game – The Rise of Red Skull,2020,0,14758,861,285774,,6.901,8.37968,2457,1,,,,,,,,
143065,Tzolk'in: The Mayan Calendar – Tribes & Prophecies,2013,0,14773,1135,126163,,7.16947,8.11285,4344,1,,,,,,,,
236206,"The 7th Continent: What Goes Up, Must Come Down",2019,0,14936,2183,180263,,6.64409,8.22473,1849,1,,,,,,,,
329841,Ticket to Ride: Europe – 15th Anniversary,2021,0,14959,473,,53383;185306,7.23805,8.17672,4909,0,,,,,,,,
218417,Aeon's End: War Eternal,2017,151,15082,1649,,,7.45901,8.22209,6762,0,,,,,,89,,
40210,Race for the Galaxy: Rebel vs Imperium,2009,0,15132,1457,28143,,7.22014,7.92622,6107,1,,,,,,,,
181084,Concordia: Salsa,2015,0,15169,900,124361,,7.33985,8.29383,4649,1,,,,,,,,
316597,The Quacks of Quedlinburg: The Alchemists,2020,0,15172,453,244521,,6.72756,7.85892,2785,1,,,,,,,,
154638,7 Wonders: Babel,2014,0,15255,1332,68448,,6.3272,6.83558,4228,1,,,,,,,,
172386,Mombasa,2015,145,15348,2928,,195850,7.4743,7.83493,13935,0,,,,,,101,,
420033,Vantage,2025,188,15413,634,,,7.38094,8.17719,7409,0,,,,,,,43,
43018,Agricola: Farmers of the Moor,2009,0,15550,1713,31260,,7.291,8.04614,6044,1,,,,,,,,
90850,Dominion: Cornucopia,2011,0,15595,1208,36218,,7.03025,7.67459,6253,1,,,,,,,,
176677,Five Tribes: The Artisans of Naqala,2015,0,15624,1111,157354,,7.15647,8.12083,4300,1,,,,,,,,
177182,Eldritch Horror: Strange Remnants,2015,0,15786,940,146021,,7.12447,8.3282,3802,1,,,,,,,,
164167,Eldritch Horror: Mountains of Madness,2014,0,15806,943,146021,,7.08438,8.23189,3956,1,,,,,,,,
412576,Forest Shuffle: Alpine,2024,0,15889,290,391163,,7.0798,8.20097,3506,1,,,,,,,,
289056,Everdell: Spirecrest,2020,0,16011,1049,199792,,7.21844,8.26578,4301,1,,,,,,,,
230253,Star Realms: Frontiers,2018,317,16095,894,147020,,7.18513,7.9027,6359,0,,,,,,209,,
286749,Hansa Teutonica: Big Box,2020,0,16235,1062,,162179;83404,7.65805,8.37256,7530,0,,,,,,,,
218103,Clank!: Sunken Treasures,2017,0,16265,1569,201808,,7.1057,7.96674,4806,1,,,,,,,,
390092,Ticket to Ride Legacy: Legends of the West,2023,50,16450,1000,,,7.78416,8.61351,7073,0,,,,1,,,,
216788,A Feast for Odin: The Norwegians,2018,0,16483,866,177736,,7.76377,8.92075,4779,1,,,,,,,,
307683,Final Girl: The Happy Trails Horror,2021,0,16558,952,277659,,7.01447,8.19342,3458,1,,,,,,,,
229987,Mansions of Madness: Second Edition – Streets of Arkham: Expansion,2017,0,16663,704,205059,,7.10448,8.55376,3040,1,,,,,,,,
308765,Praga Caput Regni,2020,195,16701,2463,,,7.36935,7.82794,10676,0,,,,,,133,,
106637,Ticket to Ride Map Collection 1: Asia + Legendary Asia,2011,0,16975,915,,,7.04575,7.65379,6478,1,,,,,,,,
310873,Carnegie,2022,127,17013,1670,,,7.51884,7.94933,12149,0,,,,,,83,,
284378,Kanban EV,2020,42,17014,1270,,,7.81061,8.37462,10545,0,,,,,,25,,
144733,Russian Railroads,2013,154,17027,3528,,,7.45483,7.71887,18990,0,,,,,,118,,
410291,Heat: Heavy Rain,2024,0,17082,281,366013,,6.88922,8.12768,2926,1,,,,,,,,
367966,Endeavor: Deep Sea,2024,71,17102,752,,418470,7.69877,8.21235,11262,0,,,,,,46,,
82222,Xia: Legends of a Drift System,2014,198,17158,1699,,,7.36442,7.85163,11232,0,,,,,,141,40,
287220,Root: The Clockwork Expansion,2020,0,17181,1307,237182,,6.64418,7.74946,2729,1,,,,,,,,
322289,Darwin's Journey,2023,90,17371,1258,,,7.63213,8.08766,12683,0,,,,,,59,,
227935,Wonderland's War,2022,134,17450,1134,,,7.50449,8.02871,10875,0,,,,,,93,,
182078,Ticket to Ride Map Collection 5: United Kingdom & Pennsylvania,2015,0,17536,767,,,7.27217,7.98205,6361,1,,,,,,,,
259996,Everdell: Pearlbrook,2019,0,17814,1419,199792,,6.85282,7.60248,4869,1,,,,,,,,
104557,Dominion: Hinterlands,2011,0,17831,1074,36218,,7.23997,7.92986,6656,1,,,,,,,,
163068,Trickerion: Legends of Illusion,2015,123,17843,2670,,441548,7.53662,7.96512,12827,0,,,,,,79,,
304783,Hadrian's Wall,2021,173,17921,2321,,,7.40673,7.86444,10858,0,,,,,,123,,
106645,Ticket to Ride Map Collection 2: India & Switzerland,2011,0,17992,985,,,7.12929,7.74413,6842,1,,,,,,,,
203993,Lorenzo il Magnifico,2016,143,17997,2641,,338476,7.4838,7.81776,15652,0,,,,,,102,,
325494,ISS Vanguard,2022,161,18200,1765,,,7.42914,8.33283,7168,0,,,,,,,29,
385318,Cascadia: Landmarks,2023,0,18202,353,295947,,6.82911,7.73403,3722,1,,,,,,,,
133993,7 Wonders: Wonder Pack,2013,0,18220,1284,68448,,6.94291,7.58509,5740,1,,,,,,,,
250337,Gloomhaven: Forgotten Circles,2019,0,18460,1343,174430,,6.55503,7.69602,2678,1,,,,,,,,
25613,Through the Ages: A Story of Civilization,2006,119,18467,5278,,,7.54556,7.81573,19875,0,,,,,,85,,
332772,Revive,2022,92,18603,1551,,,7.62093,8.04915,13253,0,,,,,,66,,
249259,War Chest,2018,182,18644,1797,,,7.3884,7.81759,12720,0,7,,,,,,,
125403,Dominion: Dark Ages,2012,0,18837,1123,36218,,7.28532,7.98185,6738,1,,,,,,,,
210674,Mansions of Madness: Second Edition – Beyond the Threshold: Expansion,2017,0,19077,958,205059,,7.10335,8.34179,3595,1,,,,,,,,
161533,Lisboa,2017,70,19211,1932,,,7.70856,8.16586,13085,0,,,,,,45,,
159675,Fields of Arle,2014,102,19340,2655,,393531,7.59295,8.02297,12573,0,,,,,,71,,
146652,Legendary Encounters: An Alien Deck Building Game,2014,200,19354,2758,,,7.36321,7.75164,13800,0,,,,,,,45,
266507,Clank! Legacy: Acquisitions Incorporated,2019,28,19548,2022,,,7.93066,8.48691,11498,0,,,,,,,7,
321608,Hegemony: Lead Your Class to Victory,2023,41,19553,1224,,406767,7.82755,8.3579,12695,0,,,,,,26,,
196340,Yokohama,2016,157,19660,2372,,,7.43828,7.78496,14009,0,,,,,,117,,
367466,Dune: Imperium – Immortality,2022,0,19739,681,316554,,7.52233,8.53838,5278,1,,,,,,,,
298729,Parks: Nightfall,2021,0,19809,1229,266524,,7.18166,8.13893,4479,1,,,,,,,,
330149,Root: The Marauder Expansion,2022,0,19845,605,237182,,7.45432,8.82605,3745,1,,,,,,,,
182631,Star Realms: Colony Wars,2015,267,19908,1210,147020,,7.2486,7.77427,8875,0,,,,,,182,,
272638,Root: The Exiles and Partisans Deck,2020,0,20099,1021,237182,,7.35361,8.71457,3567,1,,,,,,,,
382350,Lost Ruins of Arnak: The Missing Expedition,2023,0,20175,332,312484,,7.35951,8.6587,3729,1,,,,,,,,
209418,Dominion: Second Edition,2016,177,20178,1722,,216849,7.39953,7.82005,13115,0,,,,,,144,,
317985,Beyond the Sun,2020,114,20241,2173,,,7.55693,7.85942,17820,0,,,,,,77,,
310100,Nemesis: Lockdown,2022,129,20327,1532,,,7.51442,8.23534,8604,0,,,,,,,26,
316377,7 Wonders (Second Edition),2020,196,20532,1111,,,7.36828,7.82192,12414,0,,,,25,,157,,
521,Crokinole,1876,45,20824,792,,,7.80232,8.06756,21411,0,,,,5,,,,
208545,Arkham Horror: The Card Game – The Dunwich Legacy: Expansion,2017,0,20911,1813,205637,,7.28116,8.41119,4179,1,,,,,,,,
226840,Star Wars: Rebellion – Rise of the Empire,2017,0,20943,895,187645,,7.76271,8.86624,5377,1,,,,,,,,
12493,Twilight Imperium: Third Edition,2005,153,21071,4090,,,7.45489,7.77729,19589,0,,,,,,132,41,
314040,Pandemic Legacy: Season 0,2020,59,21184,3300,,,7.73352,8.32969,9701,0,,,,,,37,11,
53383,Ticket to Ride: Europa 1912,2009,0,21300,1212,14996,,6.99955,7.63245,6237,1,,,,,,,,
289057,Everdell: Bellfaire,2019,0,21332,1273,199792,,7.15343,8.01289,5103,1,,,,,,,,
66098,Dominion: Alchemy,2010,0,21384,1785,36218,,6.58194,6.92257,8966,1,,,,,,,,
258779,Planet Unknown,2022,168,21587,1482,,,7.41472,7.7568,14652,0,,,,,,127,,
220877,Rajas of the Ganges,2017,170,21623,2530,,389092,7.41238,7.71703,16252,0,,,,,,130,,
248562,Mage Knight: Ultimate Edition,2018,0,21729,1764,,144763;176130;130704,7.98475,8.84388,8662,0,,,,,,,,
198928,Iberia,2016,162,21754,2228,,,7.4278,7.86838,11922,0,,,,,,124,,
246900,Eclipse: Second Dawn for the Galaxy,2020,23,22372,1478,,,7.9582,8.38319,17767,0,,,,,,18,,
102680,Trajan,2011,149,22467,3518,,,7.46252,7.74145,18997,0,,,,,,114,,
125153,The Gallerist,2015,85,22493,2842,,,7.65172,7.99829,16702,0,,,,,,58,,
137136,Pandemic: In the Lab,2013,0,22593,1425,30549,,7.09191,7.83128,5767,1,,,,,,,,
294484,Unmatched: Cobble & Fog,2020,192,22683,1912,,,7.3713,7.91674,9842,0,,,,,,140,,
338960,Slay the Spire: The Board Game,2024,15,22752,851,,,8.04136,8.62413,13996,0,,,,,,12,,
436217,The Lord of the Rings: Fate of the Fellowship,2025,63,22895,477,,,7.72704,8.33956,11085,0,,,,,,,19,
296151,Viscounts of the West Kingdom,2020,199,23207,2145,,,7.36419,7.79009,11694,0,,,,,,138,,
34499,Race for the Galaxy: The Gathering Storm,2008,0,23217,2519,28143,,7.57555,8.0909,10202,1,,,,,,,,
184267,On Mars,2020,58,23418,2441,,,7.7418,8.15865,15186,0,,,,,,42,,
233371,Clank! In! Space!: A Deck-Building Adventure,2017,164,23625,3042,,,7.4249,7.75495,16288,0,,,,22,,131,,
309116,7 Wonders Duel: Agora,2020,0,24427,833,173346,,7.26444,8.05443,6035,1,,,,,,,,
154842,Eldritch Horror: Forsaken Lore,2014,0,24475,1886,146021,,7.50357,8.30996,7156,1,,,,,,,,
62219,Dominant Species,2010,115,24846,3699,,,7.55019,7.79971,22528,0,,,,,,88,,
256960,Pax Pamir: Second Edition,2019,55,25054,2147,,,7.76303,8.11818,17956,0,,,,,,43,,
276025,Maracaibo,2019,91,25088,3678,,,7.62577,7.9343,18903,0,,,,,,69,,
262722,Spirit Island: Jagged Earth,2020,0,25092,799,162886,,8.20692,9.32658,6387,1,,,,,,,,
216132,Clans of Caledonia,2017,78,25107,3380,,458332,7.67625,7.94171,23097,0,,,,,,60,,
295770,Frosthaven,2022,20,25115,1194,,,7.96996,8.72108,10473,0,,,,,,13,6,
209010,Mechs vs. Minions,2016,93,25304,3488,,,7.61963,7.94598,18484,0,,,,,,74,27,
274364,Watergate,2019,190,25416,2705,,,7.3754,7.70369,14555,0,,,,,,139,,
363622,The Castles of Burgundy: Special Edition,2023,0,25805,497,,264104;110926;132477;139160;150083;166589;190225;193585;214005;234163,8.49332,9.14161,12065,0,,,,,,,,
341169,Great Western Trail: Second Edition,2021,31,26103,2030,,,7.90493,8.26045,18478,0,,,,,,22,,
365717,Clank!: Catacombs,2022,48,26355,1031,,,7.78685,8.22779,14924,0,,,,3,,36,,
231733,Obsession,2018,68,26362,1941,,,7.71634,8.06968,18634,0,,,,,,50,24,
273473,Terraforming Mars: Turmoil,2019,0,26388,1133,167791,,6.84222,7.47213,5844,1,,,,,,,,
172287,Champions of Midgard,2015,169,26538,2977,,,7.41254,7.70153,18889,0,,,,,,136,,
192135,Too Many Bones,2017,37,26546,2499,,,7.85032,8.28094,17400,0,,,,,,31,10,
251247,Barrage,2019,40,26970,2285,,,7.83556,8.13223,22119,0,,,,,,32,,
268864,Undaunted: Normandy,2019,183,27135,3449,,,7.38803,7.7599,14481,0,,,,,,,,33
279537,The Search for Planet X,2020,116,27328,2392,,,7.54814,7.88965,15969,0,,,,,,90,,
185343,Anachrony,2017,61,27580,3323,,,7.72818,8.03547,21821,0,,,,,,48,,
171623,The Voyages of Marco Polo,2015,122,28022,4515,,,7.5405,7.76238,26422,0,,,,,,97,,
429293,The Lord of the Rings: The Fellowship of the Ring – Trick-Taking Game,2025,132,28247,820,,,7.50865,7.98471,10962,0,,,,16,,,,
72125,Eclipse: New Dawn for the Galaxy,2011,106,28385,5429,,,7.58386,7.81566,29088,0,,,,,,87,,
368966,Ark Nova: Marine Worlds,2023,0,28470,553,342942,,8.05349,8.91498,7546,1,,,,,,,,
122515,Keyflower,2012,136,28574,4235,,,7.49855,7.70746,24788,0,,,,,,106,,
264220,Tainted Grail: The Fall of Avalon,2019,139,28594,3756,,,7.49261,8.02521,14216,0,,,,,,,34,
175914,Food Chain Magnate,2015,51,28695,3117,,434027,7.77512,8.03645,23477,0,,,,,,41,,
253344,Cthulhu: Death May Die,2019,54,28830,1878,,373600,7.76306,8.18003,17300,0,,,,,,,17,
271896,Star Wars: Outer Rim,2019,191,28952,2126,,,7.37251,7.74974,15462,0,,,,,,,48,
229853,Teotihuacan: City of Gods,2018,112,29083,3852,,381715,7.56033,7.82958,22269,0,,,,,,86,,
73439,Troyes,2010,142,29113,4595,,,7.48656,7.7012,25260,0,,,,,,111,,
413246,Bomb Busters,2024,88,29160,714,,,7.64549,8.03423,14873,0,,,,11,,,,
277659,Final Girl,2021,97,29514,1948,,386835;410768,7.60912,8.2077,11749,0,,,,,,,25,
269259,The Quacks of Quedlinburg: The Herb Witches,2019,0,29530,1109,244521,,7.36072,7.99805,7406,1,,,,,,,,
342031,Dune: Imperium – Rise of Ix,2022,0,29585,1217,316554,,8.09356,8.79837,9942,1,,,,,,,,
272637,Root: The Underworld Expansion,2020,0,29619,1398,237182,,7.77286,8.70512,6561,1,,,,,,,,
200680,Agricola (Revised Edition),2016,86,29660,3269,,359999,7.64927,7.95286,21618,0,,,,,,72,,
205896,Rising Sun,2018,155,29847,3416,,,7.44703,7.74987,23496,0,,,,,,135,,
18602,Caylus,2005,141,29854,5021,,,7.48856,7.70224,29979,0,,,,,,116,,
155821,Inis,2016,125,29928,3955,,321563;447305,7.53188,7.81518,23431,0,,,,,,103,,
397598,Dune: Imperium – Uprising,2023,5,30314,824,,,8.25672,8.69938,19818,0,,,,,,4,,
247763,Underwater Cities,2018,52,30434,3054,,,7.77291,8.0391,23330,0,,,,,,40,,
271324,It's a Wonderful World,2019,187,30457,3302,,295260,7.38301,7.62172,23627,0,,,,,,149,,
359871,Arcs,2024,100,31014,1345,,,7.59424,7.99066,18363,0,,,,,,82,,
271320,The Castles of Burgundy,2019,0,31362,3398,,264104;132477;166589;190225;214005;234163,8.01548,8.45398,15445,0,,,,,,,,
193065,Spirit Island: Branch & Claw,2017,0,31584,1614,162886,,8.12277,8.98232,7957,1,,,,,,,,
111661,7 Wonders: Cities,2012,0,32160,2196,68448,,7.34843,7.79649,11436,1,,,,,,,,
242277,Scythe: The Rise of Fenris,2018,0,32237,1620,169786,,7.92091,8.68864,8367,1,,,,,,,,
255681,Terraforming Mars: Colonies,2018,0,32341,1048,167791,,7.47641,8.10422,8603,1,,,,,,,,
42,Tigris & Euphrates,1997,133,32645,5489,,,7.50515,7.70423,30126,0,,,,,,110,,
231965,Terraforming Mars: Venus Next,2017,0,32670,1327,167791,,7.09217,7.57445,9224,1,,,,,,,,
182874,Grand Austria Hotel,2015,69,33254,3207,,,7.71454,7.96183,25534,0,,,,,,53,,
202174,Viticulture: Tuscany Essential Edition,2016,0,33329,2067,183394,,7.99097,8.52523,11932,1,,,,,,,,
266810,Paladins of the West Kingdom,2019,82,33553,3165,,,7.65717,7.95128,20802,0,,,,,,63,,
418059,SETI: Search for Extraterrestrial Intelligence,2024,14,33635,953,,,8.04509,8.41277,21520,0,,,,,,11,,
161970,Alchemists,2014,179,33781,4705,,,7.39336,7.63533,24631,0,,,,,,146,,
269385,The Lord of the Rings: Journeys in Middle-Earth,2019,144,33959,3430,,,7.47881,7.88849,18663,0,,,,,,,37,
233078,Twilight Imperium: Fourth Edition,2017,7,34257,2048,,,8.21758,8.55985,28884,0,,,,,,6,4,
223555,Scythe: The Wind Gambit,2017,0,34453,1566,169786,,7.17397,7.76126,7957,1,,,,,,,,
221107,Pandemic Legacy: Season 2,2017,74,35004,6381,,,7.68602,8.00947,18435,0,,,,,,56,22,
191189,Aeon's End,2016,108,35212,4586,,,7.57764,7.86069,24330,0,,,,,,92,,
66690,Dominion: Prosperity,2010,0,35242,2510,36218,,7.81239,8.22039,15608,1,,,,,,,,
262712,Res Arcana,2019,185,35282,4367,,,7.38583,7.60716,26055,0,,,,,,147,,
170042,Raiders of the North Sea,2015,137,35417,3536,,,7.4979,7.7175,26680,0,,,,,,115,,
51811,Dominion: Seaside,2009,0,35964,3056,36218,,7.64752,8.01274,16318,1,,,,,,,,
366161,Wingspan Asia,2022,89,35974,934,,,7.63891,8.21224,10518,0,,,,,,64,,
410201,Wyrmspan,2024,124,36025,1177,,,7.53473,7.94358,16707,0,,,,,,107,,
341254,Lost Ruins of Arnak: Expedition Leaders,2021,0,36206,1193,312484,,8.03246,8.71344,9774,1,,,,,,,,
93,El Grande,1995,101,36252,4126,,147170;301201;171908,7.59341,7.77166,33471,0,,,,,,78,,
255984,Sleeping Gods,2021,75,36294,4259,,331259,7.6816,8.08208,16237,0,,,,,,,23,
28720,Brass: Lancashire,2007,22,36302,4566,,,7.95941,8.19813,27626,0,,,,,,20,,
134342,Lords of Waterdeep: Scoundrels of Skullport,2013,0,36400,2388,110327,,7.78693,8.2106,14670,1,,,,,,,,
92539,7 Wonders: Leaders,2011,0,37564,2788,68448,,7.45668,7.81172,15352,1,,,,,,,,
180263,The 7th Continent,2017,171,38903,6348,,,7.41151,7.7227,23249,0,,,,,,,49,
77423,The Lord of the Rings: The Card Game,2011,186,39072,7472,,,7.38365,7.66178,25202,0,,11,,,,,,
148949,Istanbul,2014,193,39149,5316,,251219,7.37008,7.53296,33932,0,,,,,,155,,
220308,Gaia Project,2017,13,39159,3560,,,8.08434,8.34751,31688,0,,,,,,9,,
241386,Root: The Riverfolk Expansion,2018,0,39392,2503,237182,,7.76791,8.43052,9519,1,,,,,,,,
364073,Splendor Duel,2022,111,39930,1432,,,7.56583,7.8762,20185,0,,,,14,,99,,
35677,Le Havre,2008,83,40412,5370,,,7.65507,7.83331,34104,0,,,,,,70,,
182028,Through the Ages: A New Story of Civilization,2015,18,40525,5158,,,8.00715,8.24122,35089,0,,,,,,15,,
328871,Terraforming Mars: Ares Expedition,2021,194,40590,4648,,,7.36984,7.63011,21452,0,,,,,,154,,
218127,Terraforming Mars: Hellas & Elysium,2017,0,40855,1610,167791,,7.8504,8.37618,12024,1,,,,,,,,
391163,Forest Shuffle,2023,150,41072,1565,,,7.46097,7.72926,22479,0,,,,21,,129,,
37111,Battlestar Galactica: The Board Game,2008,126,41087,5846,,,7.52544,7.73058,37757,0,,,,,,,39,
12,Ra,1999,113,41108,3803,,,7.55895,7.7192,32791,0,,,,,,95,,
132531,Roll for the Galaxy,2014,175,41271,5517,,,7.40021,7.56101,33766,0,,,,,,145,,
371942,The White Castle,2023,72,41824,1966,,,7.69502,7.97723,23972,0,,,,,,61,,
115746,War of the Ring: Second Edition,2011,8,42118,2898,,,8.19944,8.55306,25469,0,,,,,,,3,1
164928,Orléans,2014,35,43609,4104,,420068;171905,7.85864,8.04622,36003,0,,,,,,33,,
421006,The Lord of the Rings: Duel for Middle-earth,2024,19,44354,1052,,,7.99711,8.35109,21569,0,,,,,,19,,
177736,A Feast for Odin,2016,27,44362,3962,,,7.93934,8.15969,33973,0,,,,,,23,,
118048,Targi,2012,176,44697,4109,,,7.39955,7.58462,26993,0,,,,,,143,,
236457,Architects of the West Kingdom,2018,131,45134,4620,,,7.50872,7.70287,32899,0,,,,,,113,,
164153,Star Wars: Imperial Assault,2014,87,45572,4891,,,7.64663,7.95214,26111,0,,,,,,,30,
199727,Scythe: Invaders from Afar,2016,0,45654,2219,169786,,7.76635,8.26356,12637,1,,,,,,,,
225694,Decrypto,2018,117,46828,2782,,,7.54659,7.76366,27955,0,,,,,2,,,
193738,Great Western Trail,2016,21,47225,6631,,,7.96849,8.1435,44066,0,,,,,,21,,
124742,Android: Netrunner,2012,84,47509,8229,,,7.65264,7.89326,31432,0,,6,,,,,,
96848,Mage Knight Board Game,2011,39,48233,8110,,248562,7.83637,8.08125,35341,0,,,,,,39,20,
463,Magic: The Gathering,1993,172,48292,5745,,,7.41144,7.59722,43418,0,,19,,,,,,
102794,Caverna: The Cave Farmers,2013,62,48614,5288,,,7.7279,7.9185,37544,0,,,,,,54,,
285774,Marvel Champions: The Card Game,2019,49,48696,4439,,,7.78616,8.10371,28170,0,,3,,,,,,
126163,Tzolk'in: The Mayan Calendar,2012,77,50817,5085,,,7.67997,7.84272,42793,0,,,,,,68,,
167355,Nemesis,2018,25,51381,3312,,,7.94702,8.2446,38067,0,,,,,,,12,
40834,Dominion: Intrigue,2009,135,51641,5563,,,7.49915,7.68493,34812,0,,,,,,121,,
202976,7 Wonders Duel: Pantheon,2016,0,51792,2893,173346,,7.62344,7.99525,16502,1,,,,,,,,
300580,Wingspan: Oceania Expansion,2020,0,51813,1493,266192,,7.92417,8.44898,13364,1,,,,,,,,
124361,Concordia,2013,29,52298,4599,,,7.92312,8.07479,46190,0,,,,,,24,,
324856,The Crew: Mission Deep Sea,2021,44,53055,2163,,,7.80267,8.04057,26346,0,,,,4,,,,
247030,Terraforming Mars: Prelude,2018,0,53828,2225,167791,,8.4137,8.84795,17847,1,,,,,,,,
40849,Pandemic: On the Brink,2009,0,54162,3756,30549,,7.68704,8.02776,18441,1,,,,,,,,
266524,Parks,2019,181,54274,3974,,,7.39234,7.60998,31037,0,,,,27,,,,
217372,The Quest for El Dorado,2017,121,55013,4130,,,7.54104,7.72021,33475,0,,,,19,,,,
414317,Harmonies,2024,53,55237,1417,,,7.7682,8.03267,31929,0,2,,,9,,,,
120677,Terra Mystica,2012,36,55382,7054,,181289;356238,7.85608,8.03101,51291,0,,,,,,34,,
291453,SCOUT,2019,110,57146,1483,,,7.5758,7.77665,29213,0,,,,15,,,,
187645,Star Wars: Rebellion,2016,10,58170,3866,,,8.16847,8.42238,36753,0,,,,,,,5,
157354,Five Tribes: The Djinns of Naqala,2014,98,60346,5483,,,7.60681,7.76379,45600,0,,,,,,84,,
146021,Eldritch Horror,2013,140,60775,6218,,,7.4913,7.74342,39309,0,,,,,,,42,
254640,Just One,2018,159,61602,2258,,,7.43575,7.58785,35695,0,,,,,3,,,
170216,Blood Rage,2015,67,62349,5943,,,7.71805,7.89321,52239,0,,,,,,67,,
34635,Stone Age,2008,189,62752,7025,,,7.37848,7.50921,56144,0,,,,33,,166,,
201808,Clank!: A Deck-Building Adventure,2016,103,62888,6880,,,7.59227,7.75869,47942,0,,,,18,,98,,
290448,Wingspan: European Expansion,2019,0,63007,2183,266192,,7.9226,8.32348,17989,1,,,,,,,,
263918,Cartographers,2019,184,63506,4264,,,7.38619,7.54906,36770,0,,,,29,,,,
366013,Heat: Pedal to the Metal,2022,47,64018,3031,,,7.79462,7.99236,42654,0,,,,7,,,,
205059,Mansions of Madness: Second Edition,2016,79,66608,6126,,,7.67414,7.91234,40700,0,,,,,,,28,
373106,Sky Team,2023,32,69767,2164,,,7.88984,8.11105,33931,0,,,,2,,,15,
147020,Star Realms,2014,178,71931,5558,,355199;216123,7.39767,7.54938,48345,0,,,,,,163,,
12333,Twilight Struggle,2005,16,74022,7441,,,8.03681,8.22656,52361,0,,,,,,17,,2
28143,Race for the Galaxy,2007,94,74414,9249,,,7.61516,7.73587,59317,0,,,,,,81,,
110327,Lords of Waterdeep,2012,107,75128,6397,,,7.57984,7.72853,59477,0,,,,,,104,,
121921,Robinson Crusoe: Adventures on the Cursed Island,2012,120,76826,10773,,,7.5427,7.71917,47046,0,,,,,,,38,
183394,Viticulture Essential Edition,2015,43,78847,5894,,,7.80323,7.9548,55786,0,,,,,,47,,
316554,Dune: Imperium,2020,6,79253,5389,,,8.2189,8.40688,59470,0,,,,,,7,,
205637,Arkham Horror: The Card Game,2016,33,84028,9597,,359609,7.88891,8.11797,48104,0,,2,,,,,14,
84876,The Castles of Burgundy,2011,17,84998,9576,,363622;271320,8.03296,8.16261,70315,0,,,,,,16,,
224517,Brass: Birmingham,2018,1,85193,4209,,,8.39042,8.56048,59756,0,,,,,,1,,
3076,Puerto Rico,2002,57,85323,10221,,165332;108687;318985;367272;415843,7.75098,7.89742,74614,0,,,,,,55,,
2651,Power Grid,2004,76,87457,8169,,155873,7.68016,7.79732,69972,0,,,,,,73,,
312484,Lost Ruins of Arnak,2020,30,88639,4878,,,7.91717,8.08342,58332,0,,,,,,29,,
161936,Pandemic Legacy: Season 1,2015,3,89879,14194,,,8.34418,8.50118,57710,0,,,,,,3,1,
291457,Gloomhaven: Jaws of the Lion,2020,12,90157,8360,,,8.09113,8.35315,41757,0,,,,,,14,8,
31260,Agricola,2007,65,90724,10581,,240737;109012,7.72138,7.85506,77159,0,,,,,,65,,
342942,Ark Nova,2021,2,91090,4223,,,8.35311,8.53725,62581,0,,,,,,2,,
284083,The Crew: The Quest for Planet Nine,2019,96,94754,7619,,,7.6121,7.75059,49248,0,,,,13,,,,
295947,Cascadia,2021,60,95510,4042,,,7.73182,7.88341,56670,0,1,,,10,,,,
244521,Quacks,2018,80,95656,4999,,326869;349955,7.66515,7.80194,59948,0,,,,12,,,,
162886,Spirit Island,2017,11,99857,7645,,,8.14128,8.33995,64249,0,,,,,,10,,
237182,Root,2018,34,104625,7469,,425773,7.88129,8.07042,65659,0,,,,,,38,,14
174430,Gloomhaven,2017,4,105187,9793,,,8.29144,8.53373,67568,0,,,,,,5,2,
199792,Everdell,2018,46,107618,7845,,319422;332398,7.80074,7.97553,69666,0,,,,8,,52,,
163412,Patchwork,2014,148,124419,7539,,,7.4709,7.57634,74793,0,5,,,23,,,,
169786,Scythe,2016,26,129843,8859,,,7.94041,8.09595,94266,0,,,,,,28,,
36218,Dominion,2008,146,131517,13969,,374339;142131;142132;149083,7.47367,7.59717,97207,0,,,,,,142,,
14996,Ticket to Ride: Europe,2005,180,139929,8722,,329841,7.39331,7.52258,86262,0,,,,30,,,,
68448,7 Wonders,2010,118,157309,13649,,,7.54598,7.66026,113487,0,,,,20,,120,,
167791,Terraforming Mars,2016,9,161703,9170,,,8.18062,8.33214,114557,0,,,,,,8,,
178900,Codenames,2015,163,182967,8936,,,7.42699,7.52344,105225,0,,,,,6,,,
266192,Wingspan,2019,38,184335,8975,,,7.84212,7.99525,114848,0,,,,6,,49,,
173346,7 Wonders Duel,2015,24,186624,11084,,,7.94992,8.07464,110140,0,,,,,,27,,
230802,Azul,2017,99,187722,8678,,,7.60341,7.71226,110261,0,3,,,17,,,,
30549,Pandemic,2008,174,228291,17570,,,7.40152,7.51104,136028,0,,,,34,,179,,